[{"danceability": 0.525, "energy": 0.819, "key": 0, "loudness": -7.017, "mode": 1, "speechiness": 0.067, "acousticness": 0.398, "instrumentalness": 0, "liveness": 0.98, "valence": 0.698, "tempo": 155.823, "type": "audio_features", "id": "5JTL91USvogeqs9huIpXk8", "uri": "spotify:track:5JTL91USvogeqs9huIpXk8", "track_href": "https://api.spotify.com/v1/tracks/5JTL91USvogeqs9huIpXk8", "analysis_url": "https://api.spotify.com/v1/audio-analysis/5JTL91USvogeqs9huIpXk8", "duration_ms": 205335, "time_signature": 4}, {"danceability": 0.563, "energy": 0.839, "key": 7, "loudness": -6.596, "mode": 0, "speechiness": 0.0488, "acousticness": 0.766, "instrumentalness": 0, "liveness": 0.873, "valence": 0.651, "tempo": 160.029, "type": "audio_features", "id": "2iH7RnVhofwr9NhaQ6r44K", "uri": "spotify:track:2iH7RnVhofwr9NhaQ6r44K", "track_href": "https://api.spotify.com/v1/tracks/2iH7RnVhofwr9NhaQ6r44K", "analysis_url": "https://api.spotify.com/v1/audio-analysis/2iH7RnVhofwr9NhaQ6r44K", "duration_ms": 227413, "time_signature": 4}, {"danceability": 0.442, "energy": 0.806, "key": 10, "loudness": -5.79, "mode": 1, "speechiness": 0.125, "acousticness": 0.58, "instrumentalness": 0, "liveness": 0.78, "valence": 0.591, "tempo": 149.427, "type": "audio_features", "id": "6LQQGxRzNLsWQtwgLe5fAm", "uri": "spotify:track:6LQQGxRzNLsWQtwgLe5fAm", "track_href": "https://api.spotify.com/v1/tracks/6LQQGxRzNLsWQtwgLe5fAm", "analysis_url": "https://api.spotify.com/v1/audio-analysis/6LQQGxRzNLsWQtwgLe5fAm", "duration_ms": 180853, "time_signature": 4}, {"danceability": 0.57, "energy": 0.888, "key": 7, "loudness": -9.044, "mode": 1, "speechiness": 0.05, "acousticness": 0.561, "instrumentalness": 0, "liveness": 0.93, "valence": 0.645, "tempo": 163.966, "type": "audio_features", "id": "6DjKWVAqXUvMaAzO4U4CIo", "uri": "spotify:track:6DjKWVAqXUvMaAzO4U4CIo", "track_href": "https://api.spotify.com/v1/tracks/6DjKWVAqXUvMaAzO4U4CIo", "analysis_url": "https://api.spotify.com/v1/audio-analysis/6DjKWVAqXUvMaAzO4U4CIo", "duration_ms": 196307, "time_signature": 4}, {"danceability": 0.483, "energy": 0.912, "key": 7, "loudness": -7.164, "mode": 0, "speechiness": 0.0968, "acousticness": 0.474, "instrumentalness": 0, "liveness": 0.823, "valence": 0.526, "tempo": 106.286, "type": "audio_features", "id": "109AZuGAl3xtTgxwbonnEb", "uri": "spotify:track:109AZuGAl3xtTgxwbonnEb", "track_href": "https://api.spotify.com/v1/tracks/109AZuGAl3xtTgxwbonnEb", "analysis_url": "https://api.spotify.com/v1/audio-analysis/109AZuGAl3xtTgxwbonnEb", "duration_ms": 195693, "time_signature": 4}, {"danceability": 0.385, "energy": 0.875, "key": 7, "loudness": -5.159, "mode": 0, "speechiness": 0.0517, "acousticness": 0.279, "instrumentalness": 0, "liveness": 0.418, "valence": 0.624, "tempo": 164.179, "type": "audio_features", "id": "3xs03uDJOKoo9iaY6eZi3m", "uri": "spotify:track:3xs03uDJOKoo9iaY6eZi3m", "track_href": "https://api.spotify.com/v1/tracks/3xs03uDJOKoo9iaY6eZi3m", "analysis_url": "https://api.spotify.com/v1/audio-analysis/3xs03uDJOKoo9iaY6eZi3m", "duration_ms": 311316, "time_signature": 4}, {"danceability": 0.503, "energy": 0.755, "key": 8, "loudness": -6.21, "mode": 1, "speechiness": 0.064, "acousticness": 0.461, "instrumentalness": 0, "liveness": 0.912, "valence": 0.627, "tempo": 166.644, "type": "audio_features", "id": "3beOCT1wZvgiSANG0dKjjO", "uri": "spotify:track:3beOCT1wZvgiSANG0dKjjO", "track_href": "https://api.spotify.com/v1/tracks/3beOCT1wZvgiSANG0dKjjO", "analysis_url": "https://api.spotify.com/v1/audio-analysis/3beOCT1wZvgiSANG0dKjjO", "duration_ms": 236893, "time_signature": 4}, {"danceability": 0.658, "energy": 0.862, "key": 0, "loudness": -7.772, "mode": 1, "speechiness": 0.045, "acousticness": 0.397, "instrumentalness": 1.73e-05, "liveness": 0.852, "valence": 0.889, "tempo": 91.702, "type": "audio_features", "id": "1PWpeF2KQQzBjqkJPMqvpJ", "uri": "spotify:track:1PWpeF2KQQzBjqkJPMqvpJ", "track_href": "https://api.spotify.com/v1/tracks/1PWpeF2KQQzBjqkJPMqvpJ", "analysis_url": "https://api.spotify.com/v1/audio-analysis/1PWpeF2KQQzBjqkJPMqvpJ", "duration_ms": 233920, "time_signature": 4}, {"danceability": 0.535, "energy": 0.782, "key": 7, "loudness": -6.268, "mode": 1, "speechiness": 0.0497, "acousticness": 0.73, "instrumentalness": 0.00059, "liveness": 0.0859, "valence": 0.614, "tempo": 86.937, "type": "audio_features", "id": "7twV4lkBhVToFi4oRCIYe2", "uri": "spotify:track:7twV4lkBhVToFi4oRCIYe2", "track_href": "https://api.spotify.com/v1/tracks/7twV4lkBhVToFi4oRCIYe2", "analysis_url": "https://api.spotify.com/v1/audio-analysis/7twV4lkBhVToFi4oRCIYe2", "duration_ms": 336191, "time_signature": 4}, {"danceability": 0.607, "energy": 0.814, "key": 7, "loudness": -7.318, "mode": 1, "speechiness": 0.106, "acousticness": 0.812, "instrumentalness": 0, "liveness": 0.351, "valence": 0.681, "tempo": 176.032, "type": "audio_features", "id": "3vCH7bgO37Cx4dOIUlX9sv", "uri": "spotify:track:3vCH7bgO37Cx4dOIUlX9sv", "track_href": "https://api.spotify.com/v1/tracks/3vCH7bgO37Cx4dOIUlX9sv", "analysis_url": "https://api.spotify.com/v1/audio-analysis/3vCH7bgO37Cx4dOIUlX9sv", "duration_ms": 167028, "time_signature": 4}, {"danceability": 0.577, "energy": 0.76, "key": 1, "loudness": -5.466, "mode": 1, "speechiness": 0.0453, "acousticness": 0.718, "instrumentalness": 0, "liveness": 0.873, "valence": 0.659, "tempo": 149.949, "type": "audio_features", "id": "4tXVLiZWjPo5rFx1DjBZjl", "uri": "spotify:track:4tXVLiZWjPo5rFx1DjBZjl", "track_href": "https://api.spotify.com/v1/tracks/4tXVLiZWjPo5rFx1DjBZjl", "analysis_url": "https://api.spotify.com/v1/audio-analysis/4tXVLiZWjPo5rFx1DjBZjl", "duration_ms": 163300, "time_signature": 4}, {"danceability": 0.495, "energy": 0.715, "key": 4, "loudness": -5.528, "mode": 0, "speechiness": 0.041, "acousticness": 0.575, "instrumentalness": 0, "liveness": 0.736, "valence": 0.597, "tempo": 136.057, "type": "audio_features", "id": "5MLTylyzHVd7oV8OE4JMZt", "uri": "spotify:track:5MLTylyzHVd7oV8OE4JMZt", "track_href": "https://api.spotify.com/v1/tracks/5MLTylyzHVd7oV8OE4JMZt", "analysis_url": "https://api.spotify.com/v1/audio-analysis/5MLTylyzHVd7oV8OE4JMZt", "duration_ms": 313855, "time_signature": 4}, {"danceability": 0.477, "energy": 0.813, "key": 10, "loudness": -5.919, "mode": 1, "speechiness": 0.0743, "acousticness": 0.605, "instrumentalness": 0, "liveness": 0.467, "valence": 0.75, "tempo": 97.888, "type": "audio_features", "id": "3rDAHk73LZmgJIyGZstWQ0", "uri": "spotify:track:3rDAHk73LZmgJIyGZstWQ0", "track_href": "https://api.spotify.com/v1/tracks/3rDAHk73LZmgJIyGZstWQ0", "analysis_url": "https://api.spotify.com/v1/audio-analysis/3rDAHk73LZmgJIyGZstWQ0", "duration_ms": 342622, "time_signature": 4}, {"danceability": 0.578, "energy": 0.769, "key": 1, "loudness": -5.339, "mode": 1, "speechiness": 0.039, "acousticness": 0.678, "instrumentalness": 0, "liveness": 0.467, "valence": 0.817, "tempo": 155.937, "type": "audio_features", "id": "1kWcd9h9HoeXsKaDVhSOtj", "uri": "spotify:track:1kWcd9h9HoeXsKaDVhSOtj", "track_href": "https://api.spotify.com/v1/tracks/1kWcd9h9HoeXsKaDVhSOtj", "analysis_url": "https://api.spotify.com/v1/audio-analysis/1kWcd9h9HoeXsKaDVhSOtj", "duration_ms": 196988, "time_signature": 4}, {"danceability": 0.561, "energy": 0.808, "key": 7, "loudness": -6.36, "mode": 1, "speechiness": 0.0338, "acousticness": 0.383, "instrumentalness": 0, "liveness": 0.978, "valence": 0.254, "tempo": 94.58, "type": "audio_features", "id": "3a7vEWGDQi8S2iJfIRCcBS", "uri": "spotify:track:3a7vEWGDQi8S2iJfIRCcBS", "track_href": "https://api.spotify.com/v1/tracks/3a7vEWGDQi8S2iJfIRCcBS", "analysis_url": "https://api.spotify.com/v1/audio-analysis/3a7vEWGDQi8S2iJfIRCcBS", "duration_ms": 211270, "time_signature": 4}, {"danceability": 0.399, "energy": 0.724, "key": 11, "loudness": -7.216, "mode": 1, "speechiness": 0.0425, "acousticness": 0.557, "instrumentalness": 0, "liveness": 0.875, "valence": 0.673, "tempo": 157.818, "type": "audio_features", "id": "2QIh1Azbqyo7P3epJFNFz9", "uri": "spotify:track:2QIh1Azbqyo7P3epJFNFz9", "track_href": "https://api.spotify.com/v1/tracks/2QIh1Azbqyo7P3epJFNFz9", "analysis_url": "https://api.spotify.com/v1/audio-analysis/2QIh1Azbqyo7P3epJFNFz9", "duration_ms": 209542, "time_signature": 4}, {"danceability": 0.57, "energy": 0.714, "key": 11, "loudness": -5.973, "mode": 0, "speechiness": 0.0625, "acousticness": 0.451, "instrumentalness": 0, "liveness": 0.983, "valence": 0.697, "tempo": 147.587, "type": "audio_features", "id": "5kq8WyCcvAnfI0lyxmFkA2", "uri": "spotify:track:5kq8WyCcvAnfI0lyxmFkA2", "track_href": "https://api.spotify.com/v1/tracks/5kq8WyCcvAnfI0lyxmFkA2", "analysis_url": "https://api.spotify.com/v1/audio-analysis/5kq8WyCcvAnfI0lyxmFkA2", "duration_ms": 232279, "time_signature": 4}, {"danceability": 0.658, "energy": 0.795, "key": 1, "loudness": -6.267, "mode": 1, "speechiness": 0.0833, "acousticness": 0.517, "instrumentalness": 0, "liveness": 0.353, "valence": 0.738, "tempo": 92.022, "type": "audio_features", "id": "4CY6sxYMDfDsWb8ycwungZ", "uri": "spotify:track:4CY6sxYMDfDsWb8ycwungZ", "track_href": "https://api.spotify.com/v1/tracks/4CY6sxYMDfDsWb8ycwungZ", "analysis_url": "https://api.spotify.com/v1/audio-analysis/4CY6sxYMDfDsWb8ycwungZ", "duration_ms": 174783, "time_signature": 4}, {"danceability": 0.554, "energy": 0.657, "key": 0, "loudness": -7.703, "mode": 1, "speechiness": 0.0375, "acousticness": 0.524, "instrumentalness": 0, "liveness": 0.613, "valence": 0.703, "tempo": 156.027, "type": "audio_features", "id": "7HS03vpAYoQuZxeXSpzGbM", "uri": "spotify:track:7HS03vpAYoQuZxeXSpzGbM", "track_href": "https://api.spotify.com/v1/tracks/7HS03vpAYoQuZxeXSpzGbM", "analysis_url": "https://api.spotify.com/v1/audio-analysis/7HS03vpAYoQuZxeXSpzGbM", "duration_ms": 243130, "time_signature": 4}, {"danceability": 0.55, "energy": 0.795, "key": 9, "loudness": -5.95, "mode": 1, "speechiness": 0.0506, "acousticness": 0.775, "instrumentalness": 0, "liveness": 0.981, "valence": 0.744, "tempo": 151.97, "type": "audio_features", "id": "5X0Ait1iSF69KbylSYcrLQ", "uri": "spotify:track:5X0Ait1iSF69KbylSYcrLQ", "track_href": "https://api.spotify.com/v1/tracks/5X0Ait1iSF69KbylSYcrLQ", "analysis_url": "https://api.spotify.com/v1/audio-analysis/5X0Ait1iSF69KbylSYcrLQ", "duration_ms": 238421, "time_signature": 4}, {"danceability": 0.624, "energy": 0.734, "key": 4, "loudness": -6.498, "mode": 0, "speechiness": 0.0475, "acousticness": 0.516, "instrumentalness": 0, "liveness": 0.828, "valence": 0.499, "tempo": 139.905, "type": "audio_features", "id": "65vJAh07BdwurqR9SRa6f8", "uri": "spotify:track:65vJAh07BdwurqR9SRa6f8", "track_href": "https://api.spotify.com/v1/tracks/65vJAh07BdwurqR9SRa6f8", "analysis_url": "https://api.spotify.com/v1/audio-analysis/65vJAh07BdwurqR9SRa6f8", "duration_ms": 198678, "time_signature": 4}, {"danceability": 0.648, "energy": 0.725, "key": 4, "loudness": -8.49, "mode": 0, "speechiness": 0.0475, "acousticness": 0.729, "instrumentalness": 1.81e-06, "liveness": 0.953, "valence": 0.808, "tempo": 96.19, "type": "audio_features", "id": "4Mnfug0sgaMw7g3wyZD4ss", "uri": "spotify:track:4Mnfug0sgaMw7g3wyZD4ss", "track_href": "https://api.spotify.com/v1/tracks/4Mnfug0sgaMw7g3wyZD4ss", "analysis_url": "https://api.spotify.com/v1/audio-analysis/4Mnfug0sgaMw7g3wyZD4ss", "duration_ms": 192078, "time_signature": 4}, {"danceability": 0.587, "energy": 0.729, "key": 5, "loudness": -6.717, "mode": 0, "speechiness": 0.0766, "acousticness": 0.517, "instrumentalness": 0, "liveness": 0.183, "valence": 0.817, "tempo": 84.978, "type": "audio_features", "id": "5xWH8iqeI9if3hPzAtrf1n", "uri": "spotify:track:5xWH8iqeI9if3hPzAtrf1n", "track_href": "https://api.spotify.com/v1/tracks/5xWH8iqeI9if3hPzAtrf1n", "analysis_url": "https://api.spotify.com/v1/audio-analysis/5xWH8iqeI9if3hPzAtrf1n", "duration_ms": 154170, "time_signature": 4}, {"danceability": 0.513, "energy": 0.771, "key": 4, "loudness": -8.745, "mode": 0, "speechiness": 0.0722, "acousticness": 0.454, "instrumentalness": 0, "liveness": 0.946, "valence": 0.695, "tempo": 148.851, "type": "audio_features", "id": "6Ax6xhCxoCV2XkDl8TJitT", "uri": "spotify:track:6Ax6xhCxoCV2XkDl8TJitT", "track_href": "https://api.spotify.com/v1/tracks/6Ax6xhCxoCV2XkDl8TJitT", "analysis_url": "https://api.spotify.com/v1/audio-analysis/6Ax6xhCxoCV2XkDl8TJitT", "duration_ms": 248000, "time_signature": 4}, {"danceability": 0.431, "energy": 0.711, "key": 8, "loudness": -8.503, "mode": 1, "speechiness": 0.0506, "acousticness": 0.695, "instrumentalness": 7.14e-05, "liveness": 0.836, "valence": 0.564, "tempo": 147.977, "type": "audio_features", "id": "42WLCUmWf69VGvk2Rzoj19", "uri": "spotify:track:42WLCUmWf69VGvk2Rzoj19", "track_href": "https://api.spotify.com/v1/tracks/42WLCUmWf69VGvk2Rzoj19", "analysis_url": "https://api.spotify.com/v1/audio-analysis/42WLCUmWf69VGvk2Rzoj19", "duration_ms": 307067, "time_signature": 4}, {"danceability": 0.609, "energy": 0.712, "key": 7, "loudness": -7.768, "mode": 0, "speechiness": 0.035, "acousticness": 0.838, "instrumentalness": 0, "liveness": 0.367, "valence": 0.623, "tempo": 148.042, "type": "audio_features", "id": "6UMEUBzZaazciDTYLpYn0t", "uri": "spotify:track:6UMEUBzZaazciDTYLpYn0t", "track_href": "https://api.spotify.com/v1/tracks/6UMEUBzZaazciDTYLpYn0t", "analysis_url": "https://api.spotify.com/v1/audio-analysis/6UMEUBzZaazciDTYLpYn0t", "duration_ms": 155786, "time_signature": 4}, {"danceability": 0.649, "energy": 0.785, "key": 11, "loudness": -6.588, "mode": 0, "speechiness": 0.0347, "acousticness": 0.607, "instrumentalness": 0, "liveness": 0.797, "valence": 0.965, "tempo": 92.982, "type": "audio_features", "id": "50mawjudhEofTcUIpRmGXr", "uri": "spotify:track:50mawjudhEofTcUIpRmGXr", "track_href": "https://api.spotify.com/v1/tracks/50mawjudhEofTcUIpRmGXr", "analysis_url": "https://api.spotify.com/v1/audio-analysis/50mawjudhEofTcUIpRmGXr", "duration_ms": 246227, "time_signature": 4}, {"danceability": 0.579, "energy": 0.913, "key": 5, "loudness": -5.866, "mode": 1, "speechiness": 0.0639, "acousticness": 0.4, "instrumentalness": 0, "liveness": 0.37, "valence": 0.942, "tempo": 117.129, "type": "audio_features", "id": "0rOQyLZJ9oASgtdoDZgrmK", "uri": "spotify:track:0rOQyLZJ9oASgtdoDZgrmK", "track_href": "https://api.spotify.com/v1/tracks/0rOQyLZJ9oASgtdoDZgrmK", "analysis_url": "https://api.spotify.com/v1/audio-analysis/0rOQyLZJ9oASgtdoDZgrmK", "duration_ms": 233387, "time_signature": 4}, {"danceability": 0.565, "energy": 0.765, "key": 2, "loudness": -8.209, "mode": 1, "speechiness": 0.0417, "acousticness": 0.512, "instrumentalness": 1.48e-06, "liveness": 0.945, "valence": 0.806, "tempo": 160.052, "type": "audio_features", "id": "6VUn2TrpUNappitMnr0oFe", "uri": "spotify:track:6VUn2TrpUNappitMnr0oFe", "track_href": "https://api.spotify.com/v1/tracks/6VUn2TrpUNappitMnr0oFe", "analysis_url": "https://api.spotify.com/v1/audio-analysis/6VUn2TrpUNappitMnr0oFe", "duration_ms": 236697, "time_signature": 4}, {"danceability": 0.53, "energy": 0.69, "key": 9, "loudness": -7.858, "mode": 0, "speechiness": 0.0459, "acousticness": 0.693, "instrumentalness": 0, "liveness": 0.937, "valence": 0.856, "tempo": 159.901, "type": "audio_features", "id": "5Aqs7eIlwufiJGmuaPgUfM", "uri": "spotify:track:5Aqs7eIlwufiJGmuaPgUfM", "track_href": "https://api.spotify.com/v1/tracks/5Aqs7eIlwufiJGmuaPgUfM", "analysis_url": "https://api.spotify.com/v1/audio-analysis/5Aqs7eIlwufiJGmuaPgUfM", "duration_ms": 178268, "time_signature": 4}, {"danceability": 0.553, "energy": 0.715, "key": 4, "loudness": -7.33, "mode": 1, "speechiness": 0.0584, "acousticness": 0.466, "instrumentalness": 0, "liveness": 0.319, "valence": 0.474, "tempo": 148.2, "type": "audio_features", "id": "0rosNwHC9T8YNu3EvXLPfX", "uri": "spotify:track:0rosNwHC9T8YNu3EvXLPfX", "track_href": "https://api.spotify.com/v1/tracks/0rosNwHC9T8YNu3EvXLPfX", "analysis_url": "https://api.spotify.com/v1/audio-analysis/0rosNwHC9T8YNu3EvXLPfX", "duration_ms": 197027, "time_signature": 4}, {"danceability": 0.53, "energy": 0.852, "key": 7, "loudness": -6.17, "mode": 0, "speechiness": 0.0537, "acousticness": 0.63, "instrumentalness": 0, "liveness": 0.359, "valence": 0.632, "tempo": 163.817, "type": "audio_features", "id": "1IrLBbDDzD7kamLfGqcj08", "uri": "spotify:track:1IrLBbDDzD7kamLfGqcj08", "track_href": "https://api.spotify.com/v1/tracks/1IrLBbDDzD7kamLfGqcj08", "analysis_url": "https://api.spotify.com/v1/audio-analysis/1IrLBbDDzD7kamLfGqcj08", "duration_ms": 121637, "time_signature": 4}, {"danceability": 0.507, "energy": 0.68, "key": 7, "loudness": -6.855, "mode": 0, "speechiness": 0.037, "acousticness": 0.715, "instrumentalness": 0, "liveness": 0.964, "valence": 0.679, "tempo": 133.95, "type": "audio_features", "id": "7Elw15XWLpOi4qzHyAwa9e", "uri": "spotify:track:7Elw15XWLpOi4qzHyAwa9e", "track_href": "https://api.spotify.com/v1/tracks/7Elw15XWLpOi4qzHyAwa9e", "analysis_url": "https://api.spotify.com/v1/audio-analysis/7Elw15XWLpOi4qzHyAwa9e", "duration_ms": 168806, "time_signature": 4}, {"danceability": 0.7, "energy": 0.666, "key": 11, "loudness": -7.171, "mode": 1, "speechiness": 0.302, "acousticness": 0.513, "instrumentalness": 0, "liveness": 0.878, "valence": 0.697, "tempo": 144.945, "type": "audio_features", "id": "2WHe2JzwVCeYXgarB6r9hk", "uri": "spotify:track:2WHe2JzwVCeYXgarB6r9hk", "track_href": "https://api.spotify.com/v1/tracks/2WHe2JzwVCeYXgarB6r9hk", "analysis_url": "https://api.spotify.com/v1/audio-analysis/2WHe2JzwVCeYXgarB6r9hk", "duration_ms": 245566, "time_signature": 4}, {"danceability": 0.571, "energy": 0.816, "key": 8, "loudness": -6.011, "mode": 0, "speechiness": 0.0374, "acousticness": 0.4, "instrumentalness": 0, "liveness": 0.808, "valence": 0.942, "tempo": 163.941, "type": "audio_features", "id": "4fMjqKYYsvtT6Fvca8lGFl", "uri": "spotify:track:4fMjqKYYsvtT6Fvca8lGFl", "track_href": "https://api.spotify.com/v1/tracks/4fMjqKYYsvtT6Fvca8lGFl", "analysis_url": "https://api.spotify.com/v1/audio-analysis/4fMjqKYYsvtT6Fvca8lGFl", "duration_ms": 183759, "time_signature": 4}, {"danceability": 0.353, "energy": 0.698, "key": 5, "loudness": -7.743, "mode": 0, "speechiness": 0.061, "acousticness": 0.747, "instrumentalness": 0, "liveness": 0.365, "valence": 0.72, "tempo": 82.885, "type": "audio_features", "id": "66GQE8T1Gjw9ifptgvi0mL", "uri": "spotify:track:66GQE8T1Gjw9ifptgvi0mL", "track_href": "https://api.spotify.com/v1/tracks/66GQE8T1Gjw9ifptgvi0mL", "analysis_url": "https://api.spotify.com/v1/audio-analysis/66GQE8T1Gjw9ifptgvi0mL", "duration_ms": 272920, "time_signature": 4}, {"danceability": 0.651, "energy": 0.756, "key": 6, "loudness": -7.97, "mode": 1, "speechiness": 0.0865, "acousticness": 0.643, "instrumentalness": 0, "liveness": 0.214, "valence": 0.791, "tempo": 160.03, "type": "audio_features", "id": "1YlfGwNizEKy299l1PVggn", "uri": "spotify:track:1YlfGwNizEKy299l1PVggn", "track_href": "https://api.spotify.com/v1/tracks/1YlfGwNizEKy299l1PVggn", "analysis_url": "https://api.spotify.com/v1/audio-analysis/1YlfGwNizEKy299l1PVggn", "duration_ms": 195795, "time_signature": 4}, {"danceability": 0.589, "energy": 0.911, "key": 7, "loudness": -5.755, "mode": 0, "speechiness": 0.0945, "acousticness": 0.478, "instrumentalness": 0, "liveness": 0.938, "valence": 0.818, "tempo": 100.992, "type": "audio_features", "id": "2gChdW50WOzAYsK3P5JJot", "uri": "spotify:track:2gChdW50WOzAYsK3P5JJot", "track_href": "https://api.spotify.com/v1/tracks/2gChdW50WOzAYsK3P5JJot", "analysis_url": "https://api.spotify.com/v1/audio-analysis/2gChdW50WOzAYsK3P5JJot", "duration_ms": 203985, "time_signature": 4}, {"danceability": 0.453, "energy": 0.736, "key": 2, "loudness": -7.66, "mode": 1, "speechiness": 0.0804, "acousticness": 0.723, "instrumentalness": 0, "liveness": 0.754, "valence": 0.74, "tempo": 119.469, "type": "audio_features", "id": "7vFpXVQA4kOGec8602Lb8I", "uri": "spotify:track:7vFpXVQA4kOGec8602Lb8I", "track_href": "https://api.spotify.com/v1/tracks/7vFpXVQA4kOGec8602Lb8I", "analysis_url": "https://api.spotify.com/v1/audio-analysis/7vFpXVQA4kOGec8602Lb8I", "duration_ms": 186339, "time_signature": 4}, {"danceability": 0.507, "energy": 0.818, "key": 1, "loudness": -7.535, "mode": 0, "speechiness": 0.1, "acousticness": 0.804, "instrumentalness": 0, "liveness": 0.976, "valence": 0.762, "tempo": 128.512, "type": "audio_features", "id": "4YwjGd3CwzBiuulNuzcNff", "uri": "spotify:track:4YwjGd3CwzBiuulNuzcNff", "track_href": "https://api.spotify.com/v1/tracks/4YwjGd3CwzBiuulNuzcNff", "analysis_url": "https://api.spotify.com/v1/audio-analysis/4YwjGd3CwzBiuulNuzcNff", "duration_ms": 171160, "time_signature": 4}, {"danceability": 0.379, "energy": 0.805, "key": 6, "loudness": -6.233, "mode": 0, "speechiness": 0.0993, "acousticness": 0.352, "instrumentalness": 0, "liveness": 0.968, "valence": 0.722, "tempo": 157.094, "type": "audio_features", "id": "2Fj8K3IROlXO1xp6Y6Vtu2", "uri": "spotify:track:2Fj8K3IROlXO1xp6Y6Vtu2", "track_href": "https://api.spotify.com/v1/tracks/2Fj8K3IROlXO1xp6Y6Vtu2", "analysis_url": "https://api.spotify.com/v1/audio-analysis/2Fj8K3IROlXO1xp6Y6Vtu2", "duration_ms": 270427, "time_signature": 4}, {"danceability": 0.592, "energy": 0.69, "key": 0, "loudness": -7.439, "mode": 1, "speechiness": 0.0597, "acousticness": 0.861, "instrumentalness": 0, "liveness": 0.332, "valence": 0.599, "tempo": 140.015, "type": "audio_features", "id": "1hZvCkJD0XTfJpdgOBQnPY", "uri": "spotify:track:1hZvCkJD0XTfJpdgOBQnPY", "track_href": "https://api.spotify.com/v1/tracks/1hZvCkJD0XTfJpdgOBQnPY", "analysis_url": "https://api.spotify.com/v1/audio-analysis/1hZvCkJD0XTfJpdgOBQnPY", "duration_ms": 142522, "time_signature": 4}, {"danceability": 0.68, "energy": 0.712, "key": 9, "loudness": -6.781, "mode": 1, "speechiness": 0.0609, "acousticness": 0.634, "instrumentalness": 0, "liveness": 0.933, "valence": 0.784, "tempo": 88.0, "type": "audio_features", "id": "1N19UVD4GRBFT6UrDaX6rk", "uri": "spotify:track:1N19UVD4GRBFT6UrDaX6rk", "track_href": "https://api.spotify.com/v1/tracks/1N19UVD4GRBFT6UrDaX6rk", "analysis_url": "https://api.spotify.com/v1/audio-analysis/1N19UVD4GRBFT6UrDaX6rk", "duration_ms": 216818, "time_signature": 4}, {"danceability": 0.7, "energy": 0.903, "key": 2, "loudness": -7.022, "mode": 1, "speechiness": 0.0448, "acousticness": 0.511, "instrumentalness": 2.38e-05, "liveness": 0.957, "valence": 0.777, "tempo": 101.993, "type": "audio_features", "id": "20oJRGD2UinF4AHzIg1FSH", "uri": "spotify:track:20oJRGD2UinF4AHzIg1FSH", "track_href": "https://api.spotify.com/v1/tracks/20oJRGD2UinF4AHzIg1FSH", "analysis_url": "https://api.spotify.com/v1/audio-analysis/20oJRGD2UinF4AHzIg1FSH", "duration_ms": 246143, "time_signature": 4}, {"danceability": 0.693, "energy": 0.684, "key": 11, "loudness": -7.819, "mode": 1, "speechiness": 0.032, "acousticness": 0.803, "instrumentalness": 7.11e-05, "liveness": 0.148, "valence": 0.835, "tempo": 143.907, "type": "audio_features", "id": "1Oz1DVKz7G7gbuZJ0XJbNx", "uri": "spotify:track:1Oz1DVKz7G7gbuZJ0XJbNx", "track_href": "https://api.spotify.com/v1/tracks/1Oz1DVKz7G7gbuZJ0XJbNx", "analysis_url": "https://api.spotify.com/v1/audio-analysis/1Oz1DVKz7G7gbuZJ0XJbNx", "duration_ms": 179925, "time_signature": 4}, {"danceability": 0.402, "energy": 0.845, "key": 2, "loudness": -7.592, "mode": 1, "speechiness": 0.0992, "acousticness": 0.219, "instrumentalness": 7.64e-06, "liveness": 0.399, "valence": 0.707, "tempo": 93.598, "type": "audio_features", "id": "2C9MNfyUehdQCxtuBJEnBI", "uri": "spotify:track:2C9MNfyUehdQCxtuBJEnBI", "track_href": "https://api.spotify.com/v1/tracks/2C9MNfyUehdQCxtuBJEnBI", "analysis_url": "https://api.spotify.com/v1/audio-analysis/2C9MNfyUehdQCxtuBJEnBI", "duration_ms": 200640, "time_signature": 4}, {"danceability": 0.564, "energy": 0.612, "key": 2, "loudness": -6.456, "mode": 1, "speechiness": 0.0332, "acousticness": 0.616, "instrumentalness": 0, "liveness": 0.874, "valence": 0.624, "tempo": 143.752, "type": "audio_features", "id": "4LQBF260adcuLpjBC3mBSV", "uri": "spotify:track:4LQBF260adcuLpjBC3mBSV", "track_href": "https://api.spotify.com/v1/tracks/4LQBF260adcuLpjBC3mBSV", "analysis_url": "https://api.spotify.com/v1/audio-analysis/4LQBF260adcuLpjBC3mBSV", "duration_ms": 174286, "time_signature": 4}, {"danceability": 0.653, "energy": 0.641, "key": 2, "loudness": -9.869, "mode": 1, "speechiness": 0.174, "acousticness": 0.813, "instrumentalness": 0, "liveness": 0.151, "valence": 0.768, "tempo": 93.011, "type": "audio_features", "id": "3WWDUWZt6F1R5DlHqZczx1", "uri": "spotify:track:3WWDUWZt6F1R5DlHqZczx1", "track_href": "https://api.spotify.com/v1/tracks/3WWDUWZt6F1R5DlHqZczx1", "analysis_url": "https://api.spotify.com/v1/audio-analysis/3WWDUWZt6F1R5DlHqZczx1", "duration_ms": 175467, "time_signature": 4}, {"danceability": 0.517, "energy": 0.707, "key": 2, "loudness": -6.91, "mode": 1, "speechiness": 0.0417, "acousticness": 0.672, "instrumentalness": 0, "liveness": 0.986, "valence": 0.607, "tempo": 143.974, "type": "audio_features", "id": "7vg4ESJLw2k57MrAh4AsJF", "uri": "spotify:track:7vg4ESJLw2k57MrAh4AsJF", "track_href": "https://api.spotify.com/v1/tracks/7vg4ESJLw2k57MrAh4AsJF", "analysis_url": "https://api.spotify.com/v1/audio-analysis/7vg4ESJLw2k57MrAh4AsJF", "duration_ms": 234576, "time_signature": 4}, {"danceability": 0.634, "energy": 0.627, "key": 11, "loudness": -6.804, "mode": 0, "speechiness": 0.0321, "acousticness": 0.388, "instrumentalness": 0, "liveness": 0.328, "valence": 0.759, "tempo": 145.821, "type": "audio_features", "id": "3IsTYAUWhdQgqEV35GlJYB", "uri": "spotify:track:3IsTYAUWhdQgqEV35GlJYB", "track_href": "https://api.spotify.com/v1/tracks/3IsTYAUWhdQgqEV35GlJYB", "analysis_url": "https://api.spotify.com/v1/audio-analysis/3IsTYAUWhdQgqEV35GlJYB", "duration_ms": 187053, "time_signature": 4}, {"danceability": 0.561, "energy": 0.734, "key": 1, "loudness": -7.597, "mode": 0, "speechiness": 0.0444, "acousticness": 0.615, "instrumentalness": 0, "liveness": 0.968, "valence": 0.818, "tempo": 155.955, "type": "audio_features", "id": "3yfyLXDTocoMDx4LITrX4q", "uri": "spotify:track:3yfyLXDTocoMDx4LITrX4q", "track_href": "https://api.spotify.com/v1/tracks/3yfyLXDTocoMDx4LITrX4q", "analysis_url": "https://api.spotify.com/v1/audio-analysis/3yfyLXDTocoMDx4LITrX4q", "duration_ms": 223427, "time_signature": 4}, {"danceability": 0.616, "energy": 0.641, "key": 8, "loudness": -7.001, "mode": 1, "speechiness": 0.0383, "acousticness": 0.798, "instrumentalness": 0, "liveness": 0.383, "valence": 0.466, "tempo": 143.997, "type": "audio_features", "id": "7r1VxuU92S2GKWvEX6ivqF", "uri": "spotify:track:7r1VxuU92S2GKWvEX6ivqF", "track_href": "https://api.spotify.com/v1/tracks/7r1VxuU92S2GKWvEX6ivqF", "analysis_url": "https://api.spotify.com/v1/audio-analysis/7r1VxuU92S2GKWvEX6ivqF", "duration_ms": 204831, "time_signature": 4}, {"danceability": 0.541, "energy": 0.695, "key": 1, "loudness": -7.502, "mode": 0, "speechiness": 0.0573, "acousticness": 0.658, "instrumentalness": 0, "liveness": 0.694, "valence": 0.62, "tempo": 168.005, "type": "audio_features", "id": "6jds4N5VX0XVcC3TNT9cC7", "uri": "spotify:track:6jds4N5VX0XVcC3TNT9cC7", "track_href": "https://api.spotify.com/v1/tracks/6jds4N5VX0XVcC3TNT9cC7", "analysis_url": "https://api.spotify.com/v1/audio-analysis/6jds4N5VX0XVcC3TNT9cC7", "duration_ms": 197368, "time_signature": 4}, {"danceability": 0.677, "energy": 0.831, "key": 5, "loudness": -6.01, "mode": 0, "speechiness": 0.0703, "acousticness": 0.449, "instrumentalness": 0, "liveness": 0.335, "valence": 0.938, "tempo": 94.883, "type": "audio_features", "id": "0wQk9yKAKFL1ARgyoTyLeq", "uri": "spotify:track:0wQk9yKAKFL1ARgyoTyLeq", "track_href": "https://api.spotify.com/v1/tracks/0wQk9yKAKFL1ARgyoTyLeq", "analysis_url": "https://api.spotify.com/v1/audio-analysis/0wQk9yKAKFL1ARgyoTyLeq", "duration_ms": 172776, "time_signature": 4}, {"danceability": 0.593, "energy": 0.351, "key": 7, "loudness": -23.852, "mode": 1, "speechiness": 0.0518, "acousticness": 0.407, "instrumentalness": 0, "liveness": 0.932, "valence": 0.711, "tempo": 101.966, "type": "audio_features", "id": "7A7WraHA4SXB7ScKyapAEI", "uri": "spotify:track:7A7WraHA4SXB7ScKyapAEI", "track_href": "https://api.spotify.com/v1/tracks/7A7WraHA4SXB7ScKyapAEI", "analysis_url": "https://api.spotify.com/v1/audio-analysis/7A7WraHA4SXB7ScKyapAEI", "duration_ms": 181120, "time_signature": 4}, {"danceability": 0.772, "energy": 0.766, "key": 11, "loudness": -4.962, "mode": 0, "speechiness": 0.0349, "acousticness": 0.264, "instrumentalness": 0.000156, "liveness": 0.229, "valence": 0.57, "tempo": 119.972, "type": "audio_features", "id": "4rnsEw278G3pFjiMSzS4fG", "uri": "spotify:track:4rnsEw278G3pFjiMSzS4fG", "track_href": "https://api.spotify.com/v1/tracks/4rnsEw278G3pFjiMSzS4fG", "analysis_url": "https://api.spotify.com/v1/audio-analysis/4rnsEw278G3pFjiMSzS4fG", "duration_ms": 231018, "time_signature": 4}, {"danceability": 0.59, "energy": 0.776, "key": 0, "loudness": -7.709, "mode": 1, "speechiness": 0.0614, "acousticness": 0.755, "instrumentalness": 0, "liveness": 0.749, "valence": 0.875, "tempo": 99.334, "type": "audio_features", "id": "6ycaCm185cxHgc6ZAGgoMV", "uri": "spotify:track:6ycaCm185cxHgc6ZAGgoMV", "track_href": "https://api.spotify.com/v1/tracks/6ycaCm185cxHgc6ZAGgoMV", "analysis_url": "https://api.spotify.com/v1/audio-analysis/6ycaCm185cxHgc6ZAGgoMV", "duration_ms": 207187, "time_signature": 4}, {"danceability": 0.523, "energy": 0.561, "key": 0, "loudness": -8.111, "mode": 1, "speechiness": 0.0299, "acousticness": 0.74, "instrumentalness": 0, "liveness": 0.161, "valence": 0.611, "tempo": 139.943, "type": "audio_features", "id": "37Kt8SlzH4AgaWEiADtK2l", "uri": "spotify:track:37Kt8SlzH4AgaWEiADtK2l", "track_href": "https://api.spotify.com/v1/tracks/37Kt8SlzH4AgaWEiADtK2l", "analysis_url": "https://api.spotify.com/v1/audio-analysis/37Kt8SlzH4AgaWEiADtK2l", "duration_ms": 169348, "time_signature": 4}, {"danceability": 0.749, "energy": 0.741, "key": 0, "loudness": -6.65, "mode": 1, "speechiness": 0.0585, "acousticness": 0.721, "instrumentalness": 2.16e-06, "liveness": 0.108, "valence": 0.878, "tempo": 95.997, "type": "audio_features", "id": "5RQyJnbaAbwFZuTOCqK80z", "uri": "spotify:track:5RQyJnbaAbwFZuTOCqK80z", "track_href": "https://api.spotify.com/v1/tracks/5RQyJnbaAbwFZuTOCqK80z", "analysis_url": "https://api.spotify.com/v1/audio-analysis/5RQyJnbaAbwFZuTOCqK80z", "duration_ms": 320200, "time_signature": 4}, {"danceability": 0.665, "energy": 0.821, "key": 5, "loudness": -6.096, "mode": 1, "speechiness": 0.0545, "acousticness": 0.598, "instrumentalness": 0, "liveness": 0.917, "valence": 0.921, "tempo": 106.097, "type": "audio_features", "id": "1aqRJG36VbTp8E37W4cMGa", "uri": "spotify:track:1aqRJG36VbTp8E37W4cMGa", "track_href": "https://api.spotify.com/v1/tracks/1aqRJG36VbTp8E37W4cMGa", "analysis_url": "https://api.spotify.com/v1/audio-analysis/1aqRJG36VbTp8E37W4cMGa", "duration_ms": 194091, "time_signature": 4}, {"danceability": 0.6, "energy": 0.778, "key": 2, "loudness": -6.328, "mode": 1, "speechiness": 0.0353, "acousticness": 0.353, "instrumentalness": 1.03e-06, "liveness": 0.464, "valence": 0.824, "tempo": 151.976, "type": "audio_features", "id": "76r9GqEuVJhj50aFKw33dn", "uri": "spotify:track:76r9GqEuVJhj50aFKw33dn", "track_href": "https://api.spotify.com/v1/tracks/76r9GqEuVJhj50aFKw33dn", "analysis_url": "https://api.spotify.com/v1/audio-analysis/76r9GqEuVJhj50aFKw33dn", "duration_ms": 230110, "time_signature": 4}, {"danceability": 0.667, "energy": 0.647, "key": 10, "loudness": -9.173, "mode": 1, "speechiness": 0.0381, "acousticness": 0.524, "instrumentalness": 0, "liveness": 0.0613, "valence": 0.962, "tempo": 179.895, "type": "audio_features", "id": "0O9dWZhjnYjzPqqFpj4cTb", "uri": "spotify:track:0O9dWZhjnYjzPqqFpj4cTb", "track_href": "https://api.spotify.com/v1/tracks/0O9dWZhjnYjzPqqFpj4cTb", "analysis_url": "https://api.spotify.com/v1/audio-analysis/0O9dWZhjnYjzPqqFpj4cTb", "duration_ms": 194168, "time_signature": 4}, {"danceability": 0.607, "energy": 0.821, "key": 6, "loudness": -6.636, "mode": 1, "speechiness": 0.0486, "acousticness": 0.746, "instrumentalness": 0, "liveness": 0.95, "valence": 0.816, "tempo": 151.76, "type": "audio_features", "id": "7Bie9S1N5kujNYPafzotI4", "uri": "spotify:track:7Bie9S1N5kujNYPafzotI4", "track_href": "https://api.spotify.com/v1/tracks/7Bie9S1N5kujNYPafzotI4", "analysis_url": "https://api.spotify.com/v1/audio-analysis/7Bie9S1N5kujNYPafzotI4", "duration_ms": 205430, "time_signature": 4}, {"danceability": 0.614, "energy": 0.752, "key": 11, "loudness": -8.177, "mode": 0, "speechiness": 0.0667, "acousticness": 0.729, "instrumentalness": 0, "liveness": 0.965, "valence": 0.64, "tempo": 102.146, "type": "audio_features", "id": "4apyPSElNDL8FtAMMNL8W2", "uri": "spotify:track:4apyPSElNDL8FtAMMNL8W2", "track_href": "https://api.spotify.com/v1/tracks/4apyPSElNDL8FtAMMNL8W2", "analysis_url": "https://api.spotify.com/v1/audio-analysis/4apyPSElNDL8FtAMMNL8W2", "duration_ms": 208625, "time_signature": 4}, {"danceability": 0.548, "energy": 0.643, "key": 9, "loudness": -6.57, "mode": 1, "speechiness": 0.0416, "acousticness": 0.746, "instrumentalness": 0, "liveness": 0.961, "valence": 0.668, "tempo": 143.929, "type": "audio_features", "id": "3eWHUE5D5R19q7BvOX7NSJ", "uri": "spotify:track:3eWHUE5D5R19q7BvOX7NSJ", "track_href": "https://api.spotify.com/v1/tracks/3eWHUE5D5R19q7BvOX7NSJ", "analysis_url": "https://api.spotify.com/v1/audio-analysis/3eWHUE5D5R19q7BvOX7NSJ", "duration_ms": 204681, "time_signature": 4}, {"danceability": 0.877, "energy": 0.557, "key": 9, "loudness": -9.074, "mode": 1, "speechiness": 0.0911, "acousticness": 0.169, "instrumentalness": 0, "liveness": 0.265, "valence": 0.829, "tempo": 152.874, "type": "audio_features", "id": "59WWulo1LM0njpIkcduCMn", "uri": "spotify:track:59WWulo1LM0njpIkcduCMn", "track_href": "https://api.spotify.com/v1/tracks/59WWulo1LM0njpIkcduCMn", "analysis_url": "https://api.spotify.com/v1/audio-analysis/59WWulo1LM0njpIkcduCMn", "duration_ms": 147843, "time_signature": 4}, {"danceability": 0.54, "energy": 0.71, "key": 7, "loudness": -6.091, "mode": 1, "speechiness": 0.039, "acousticness": 0.686, "instrumentalness": 0, "liveness": 0.628, "valence": 0.822, "tempo": 162.019, "type": "audio_features", "id": "06WkQibI8OhOLjDxIRKu5B", "uri": "spotify:track:06WkQibI8OhOLjDxIRKu5B", "track_href": "https://api.spotify.com/v1/tracks/06WkQibI8OhOLjDxIRKu5B", "analysis_url": "https://api.spotify.com/v1/audio-analysis/06WkQibI8OhOLjDxIRKu5B", "duration_ms": 345053, "time_signature": 4}, {"danceability": 0.746, "energy": 0.668, "key": 7, "loudness": -6.496, "mode": 1, "speechiness": 0.0398, "acousticness": 0.642, "instrumentalness": 0, "liveness": 0.109, "valence": 0.798, "tempo": 151.853, "type": "audio_features", "id": "1jweGFaVZxEVrOHKsLpPY4", "uri": "spotify:track:1jweGFaVZxEVrOHKsLpPY4", "track_href": "https://api.spotify.com/v1/tracks/1jweGFaVZxEVrOHKsLpPY4", "analysis_url": "https://api.spotify.com/v1/audio-analysis/1jweGFaVZxEVrOHKsLpPY4", "duration_ms": 179452, "time_signature": 4}, {"danceability": 0.515, "energy": 0.895, "key": 8, "loudness": -5.701, "mode": 0, "speechiness": 0.234, "acousticness": 0.72, "instrumentalness": 0, "liveness": 0.898, "valence": 0.852, "tempo": 88.757, "type": "audio_features", "id": "7vZsD9RGkN1BuPgv1UO3Ws", "uri": "spotify:track:7vZsD9RGkN1BuPgv1UO3Ws", "track_href": "https://api.spotify.com/v1/tracks/7vZsD9RGkN1BuPgv1UO3Ws", "analysis_url": "https://api.spotify.com/v1/audio-analysis/7vZsD9RGkN1BuPgv1UO3Ws", "duration_ms": 176587, "time_signature": 4}, {"danceability": 0.55, "energy": 0.75, "key": 6, "loudness": -7.021, "mode": 1, "speechiness": 0.0323, "acousticness": 0.747, "instrumentalness": 0, "liveness": 0.981, "valence": 0.778, "tempo": 162.004, "type": "audio_features", "id": "3aIeo9clb9br7w4Tht6NUU", "uri": "spotify:track:3aIeo9clb9br7w4Tht6NUU", "track_href": "https://api.spotify.com/v1/tracks/3aIeo9clb9br7w4Tht6NUU", "analysis_url": "https://api.spotify.com/v1/audio-analysis/3aIeo9clb9br7w4Tht6NUU", "duration_ms": 219259, "time_signature": 4}, {"danceability": 0.658, "energy": 0.818, "key": 2, "loudness": -7.969, "mode": 1, "speechiness": 0.0349, "acousticness": 0.398, "instrumentalness": 0, "liveness": 0.929, "valence": 0.939, "tempo": 92.086, "type": "audio_features", "id": "2R6PIzBpnZPpAzXbGxAmqq", "uri": "spotify:track:2R6PIzBpnZPpAzXbGxAmqq", "track_href": "https://api.spotify.com/v1/tracks/2R6PIzBpnZPpAzXbGxAmqq", "analysis_url": "https://api.spotify.com/v1/audio-analysis/2R6PIzBpnZPpAzXbGxAmqq", "duration_ms": 204267, "time_signature": 4}, {"danceability": 0.645, "energy": 0.726, "key": 2, "loudness": -7.926, "mode": 1, "speechiness": 0.0675, "acousticness": 0.611, "instrumentalness": 0, "liveness": 0.877, "valence": 0.838, "tempo": 95.517, "type": "audio_features", "id": "1oXFfHuBuasMQ9lnPSRvGU", "uri": "spotify:track:1oXFfHuBuasMQ9lnPSRvGU", "track_href": "https://api.spotify.com/v1/tracks/1oXFfHuBuasMQ9lnPSRvGU", "analysis_url": "https://api.spotify.com/v1/audio-analysis/1oXFfHuBuasMQ9lnPSRvGU", "duration_ms": 188133, "time_signature": 4}, {"danceability": 0.689, "energy": 0.812, "key": 7, "loudness": -6.79, "mode": 1, "speechiness": 0.0412, "acousticness": 0.616, "instrumentalness": 3.56e-05, "liveness": 0.88, "valence": 0.888, "tempo": 98.142, "type": "audio_features", "id": "7KbrWtA4XzdC1jsGp85Wve", "uri": "spotify:track:7KbrWtA4XzdC1jsGp85Wve", "track_href": "https://api.spotify.com/v1/tracks/7KbrWtA4XzdC1jsGp85Wve", "analysis_url": "https://api.spotify.com/v1/audio-analysis/7KbrWtA4XzdC1jsGp85Wve", "duration_ms": 297394, "time_signature": 4}, {"danceability": 0.688, "energy": 0.871, "key": 7, "loudness": -7.041, "mode": 1, "speechiness": 0.0571, "acousticness": 0.807, "instrumentalness": 0, "liveness": 0.953, "valence": 0.945, "tempo": 91.534, "type": "audio_features", "id": "3CY0WXRyNWkS3xfZuF4q1I", "uri": "spotify:track:3CY0WXRyNWkS3xfZuF4q1I", "track_href": "https://api.spotify.com/v1/tracks/3CY0WXRyNWkS3xfZuF4q1I", "analysis_url": "https://api.spotify.com/v1/audio-analysis/3CY0WXRyNWkS3xfZuF4q1I", "duration_ms": 195240, "time_signature": 4}, {"danceability": 0.488, "energy": 0.505, "key": 1, "loudness": -8.852, "mode": 0, "speechiness": 0.0546, "acousticness": 0.125, "instrumentalness": 0, "liveness": 0.374, "valence": 0.163, "tempo": 147.542, "type": "audio_features", "id": "5pfjgNDp9KdQhpc6br5I4x", "uri": "spotify:track:5pfjgNDp9KdQhpc6br5I4x", "track_href": "https://api.spotify.com/v1/tracks/5pfjgNDp9KdQhpc6br5I4x", "analysis_url": "https://api.spotify.com/v1/audio-analysis/5pfjgNDp9KdQhpc6br5I4x", "duration_ms": 249240, "time_signature": 4}, {"danceability": 0.653, "energy": 0.931, "key": 10, "loudness": -5.569, "mode": 1, "speechiness": 0.0794, "acousticness": 0.593, "instrumentalness": 0, "liveness": 0.955, "valence": 0.579, "tempo": 95.982, "type": "audio_features", "id": "3flxltmjtskiHFIybmwAa7", "uri": "spotify:track:3flxltmjtskiHFIybmwAa7", "track_href": "https://api.spotify.com/v1/tracks/3flxltmjtskiHFIybmwAa7", "analysis_url": "https://api.spotify.com/v1/audio-analysis/3flxltmjtskiHFIybmwAa7", "duration_ms": 206813, "time_signature": 4}, {"danceability": 0.437, "energy": 0.798, "key": 2, "loudness": -3.928, "mode": 1, "speechiness": 0.0792, "acousticness": 0.603, "instrumentalness": 0, "liveness": 0.552, "valence": 0.706, "tempo": 157.828, "type": "audio_features", "id": "5r9CZJMoMmxio2AnJdxuDS", "uri": "spotify:track:5r9CZJMoMmxio2AnJdxuDS", "track_href": "https://api.spotify.com/v1/tracks/5r9CZJMoMmxio2AnJdxuDS", "analysis_url": "https://api.spotify.com/v1/audio-analysis/5r9CZJMoMmxio2AnJdxuDS", "duration_ms": 521088, "time_signature": 4}, {"danceability": 0.687, "energy": 0.635, "key": 2, "loudness": -5.936, "mode": 1, "speechiness": 0.0495, "acousticness": 0.647, "instrumentalness": 0, "liveness": 0.127, "valence": 0.717, "tempo": 158.011, "type": "audio_features", "id": "1b0qrz3GCfvlpo05Dso8Re", "uri": "spotify:track:1b0qrz3GCfvlpo05Dso8Re", "track_href": "https://api.spotify.com/v1/tracks/1b0qrz3GCfvlpo05Dso8Re", "analysis_url": "https://api.spotify.com/v1/audio-analysis/1b0qrz3GCfvlpo05Dso8Re", "duration_ms": 220867, "time_signature": 4}, {"danceability": 0.599, "energy": 0.812, "key": 11, "loudness": -5.749, "mode": 0, "speechiness": 0.0532, "acousticness": 0.732, "instrumentalness": 0, "liveness": 0.868, "valence": 0.716, "tempo": 96.049, "type": "audio_features", "id": "5sudtP2ME6aIHN20glKW0k", "uri": "spotify:track:5sudtP2ME6aIHN20glKW0k", "track_href": "https://api.spotify.com/v1/tracks/5sudtP2ME6aIHN20glKW0k", "analysis_url": "https://api.spotify.com/v1/audio-analysis/5sudtP2ME6aIHN20glKW0k", "duration_ms": 173587, "time_signature": 4}, {"danceability": 0.473, "energy": 0.757, "key": 5, "loudness": -8.394, "mode": 1, "speechiness": 0.0783, "acousticness": 0.708, "instrumentalness": 0, "liveness": 0.788, "valence": 0.581, "tempo": 113.893, "type": "audio_features", "id": "6AHsV0Wb4t3ttgs5P4wsf6", "uri": "spotify:track:6AHsV0Wb4t3ttgs5P4wsf6", "track_href": "https://api.spotify.com/v1/tracks/6AHsV0Wb4t3ttgs5P4wsf6", "analysis_url": "https://api.spotify.com/v1/audio-analysis/6AHsV0Wb4t3ttgs5P4wsf6", "duration_ms": 276853, "time_signature": 4}, {"danceability": 0.592, "energy": 0.752, "key": 8, "loudness": -6.736, "mode": 1, "speechiness": 0.0435, "acousticness": 0.745, "instrumentalness": 0, "liveness": 0.755, "valence": 0.751, "tempo": 158.057, "type": "audio_features", "id": "66KlcaDo2PlaFpumUHVG0W", "uri": "spotify:track:66KlcaDo2PlaFpumUHVG0W", "track_href": "https://api.spotify.com/v1/tracks/66KlcaDo2PlaFpumUHVG0W", "analysis_url": "https://api.spotify.com/v1/audio-analysis/66KlcaDo2PlaFpumUHVG0W", "duration_ms": 212885, "time_signature": 4}, {"danceability": 0.537, "energy": 0.651, "key": 10, "loudness": -5.819, "mode": 1, "speechiness": 0.0344, "acousticness": 0.8, "instrumentalness": 0, "liveness": 0.948, "valence": 0.538, "tempo": 147.944, "type": "audio_features", "id": "5MMrkwK6AgNAsgHVdC7daZ", "uri": "spotify:track:5MMrkwK6AgNAsgHVdC7daZ", "track_href": "https://api.spotify.com/v1/tracks/5MMrkwK6AgNAsgHVdC7daZ", "analysis_url": "https://api.spotify.com/v1/audio-analysis/5MMrkwK6AgNAsgHVdC7daZ", "duration_ms": 201378, "time_signature": 4}, {"danceability": 0.542, "energy": 0.69, "key": 2, "loudness": -8.344, "mode": 1, "speechiness": 0.0851, "acousticness": 0.391, "instrumentalness": 0, "liveness": 0.56, "valence": 0.783, "tempo": 119.104, "type": "audio_features", "id": "4Wyz99l6GOJwRfgqrY0M9g", "uri": "spotify:track:4Wyz99l6GOJwRfgqrY0M9g", "track_href": "https://api.spotify.com/v1/tracks/4Wyz99l6GOJwRfgqrY0M9g", "analysis_url": "https://api.spotify.com/v1/audio-analysis/4Wyz99l6GOJwRfgqrY0M9g", "duration_ms": 214600, "time_signature": 4}, {"danceability": 0.424, "energy": 0.621, "key": 2, "loudness": -7.169, "mode": 1, "speechiness": 0.0476, "acousticness": 0.657, "instrumentalness": 0, "liveness": 0.689, "valence": 0.562, "tempo": 152.965, "type": "audio_features", "id": "6npsMy4sqPy5oywywl2UJy", "uri": "spotify:track:6npsMy4sqPy5oywywl2UJy", "track_href": "https://api.spotify.com/v1/tracks/6npsMy4sqPy5oywywl2UJy", "analysis_url": "https://api.spotify.com/v1/audio-analysis/6npsMy4sqPy5oywywl2UJy", "duration_ms": 401026, "time_signature": 4}, {"danceability": 0.423, "energy": 0.722, "key": 1, "loudness": -6.64, "mode": 1, "speechiness": 0.045, "acousticness": 0.47, "instrumentalness": 0, "liveness": 0.343, "valence": 0.682, "tempo": 159.321, "type": "audio_features", "id": "6ykNG2e370lt7e8etm5zqK", "uri": "spotify:track:6ykNG2e370lt7e8etm5zqK", "track_href": "https://api.spotify.com/v1/tracks/6ykNG2e370lt7e8etm5zqK", "analysis_url": "https://api.spotify.com/v1/audio-analysis/6ykNG2e370lt7e8etm5zqK", "duration_ms": 314889, "time_signature": 4}, {"danceability": 0.519, "energy": 0.822, "key": 9, "loudness": -7.704, "mode": 1, "speechiness": 0.154, "acousticness": 0.792, "instrumentalness": 0, "liveness": 0.956, "valence": 0.593, "tempo": 86.528, "type": "audio_features", "id": "5ii11kM3XEBh1viHC6ObhX", "uri": "spotify:track:5ii11kM3XEBh1viHC6ObhX", "track_href": "https://api.spotify.com/v1/tracks/5ii11kM3XEBh1viHC6ObhX", "analysis_url": "https://api.spotify.com/v1/audio-analysis/5ii11kM3XEBh1viHC6ObhX", "duration_ms": 261027, "time_signature": 4}, {"danceability": 0.719, "energy": 0.953, "key": 5, "loudness": -4.89, "mode": 0, "speechiness": 0.0527, "acousticness": 0.566, "instrumentalness": 8.28e-06, "liveness": 0.659, "valence": 0.725, "tempo": 109.001, "type": "audio_features", "id": "7ezk6Fzan6hPpT6XqiJNWS", "uri": "spotify:track:7ezk6Fzan6hPpT6XqiJNWS", "track_href": "https://api.spotify.com/v1/tracks/7ezk6Fzan6hPpT6XqiJNWS", "analysis_url": "https://api.spotify.com/v1/audio-analysis/7ezk6Fzan6hPpT6XqiJNWS", "duration_ms": 190400, "time_signature": 4}, {"danceability": 0.599, "energy": 0.705, "key": 11, "loudness": -5.654, "mode": 0, "speechiness": 0.0614, "acousticness": 0.547, "instrumentalness": 0, "liveness": 0.47, "valence": 0.767, "tempo": 151.88, "type": "audio_features", "id": "28tIFuQHxmEZAg2FljrCwp", "uri": "spotify:track:28tIFuQHxmEZAg2FljrCwp", "track_href": "https://api.spotify.com/v1/tracks/28tIFuQHxmEZAg2FljrCwp", "analysis_url": "https://api.spotify.com/v1/audio-analysis/28tIFuQHxmEZAg2FljrCwp", "duration_ms": 220846, "time_signature": 4}, {"danceability": 0.593, "energy": 0.622, "key": 0, "loudness": -8.425, "mode": 1, "speechiness": 0.0423, "acousticness": 0.765, "instrumentalness": 0, "liveness": 0.117, "valence": 0.81, "tempo": 151.96, "type": "audio_features", "id": "1lrR4XwRBeCn6NuuGJ1xAX", "uri": "spotify:track:1lrR4XwRBeCn6NuuGJ1xAX", "track_href": "https://api.spotify.com/v1/tracks/1lrR4XwRBeCn6NuuGJ1xAX", "analysis_url": "https://api.spotify.com/v1/audio-analysis/1lrR4XwRBeCn6NuuGJ1xAX", "duration_ms": 168429, "time_signature": 4}, {"danceability": 0.718, "energy": 0.875, "key": 5, "loudness": -5.891, "mode": 0, "speechiness": 0.0616, "acousticness": 0.221, "instrumentalness": 0, "liveness": 0.915, "valence": 0.539, "tempo": 97.044, "type": "audio_features", "id": "17sf5W1FboYCxMVaXbLL2n", "uri": "spotify:track:17sf5W1FboYCxMVaXbLL2n", "track_href": "https://api.spotify.com/v1/tracks/17sf5W1FboYCxMVaXbLL2n", "analysis_url": "https://api.spotify.com/v1/audio-analysis/17sf5W1FboYCxMVaXbLL2n", "duration_ms": 224653, "time_signature": 4}, {"danceability": 0.689, "energy": 0.816, "key": 2, "loudness": -7.108, "mode": 1, "speechiness": 0.0356, "acousticness": 0.318, "instrumentalness": 0, "liveness": 0.346, "valence": 0.899, "tempo": 90.913, "type": "audio_features", "id": "3UsIfg6TfEcc6pYabTeumL", "uri": "spotify:track:3UsIfg6TfEcc6pYabTeumL", "track_href": "https://api.spotify.com/v1/tracks/3UsIfg6TfEcc6pYabTeumL", "analysis_url": "https://api.spotify.com/v1/audio-analysis/3UsIfg6TfEcc6pYabTeumL", "duration_ms": 174188, "time_signature": 4}, {"danceability": 0.554, "energy": 0.638, "key": 9, "loudness": -6.449, "mode": 1, "speechiness": 0.0493, "acousticness": 0.583, "instrumentalness": 0, "liveness": 0.079, "valence": 0.807, "tempo": 167.937, "type": "audio_features", "id": "14uWxelOuAUajP8fDvc0Ct", "uri": "spotify:track:14uWxelOuAUajP8fDvc0Ct", "track_href": "https://api.spotify.com/v1/tracks/14uWxelOuAUajP8fDvc0Ct", "analysis_url": "https://api.spotify.com/v1/audio-analysis/14uWxelOuAUajP8fDvc0Ct", "duration_ms": 220438, "time_signature": 4}, {"danceability": 0.491, "energy": 0.83, "key": 11, "loudness": -6.022, "mode": 1, "speechiness": 0.167, "acousticness": 0.354, "instrumentalness": 0, "liveness": 0.956, "valence": 0.512, "tempo": 159.272, "type": "audio_features", "id": "4BVH1mjLoS0TeJ0ni2o9AN", "uri": "spotify:track:4BVH1mjLoS0TeJ0ni2o9AN", "track_href": "https://api.spotify.com/v1/tracks/4BVH1mjLoS0TeJ0ni2o9AN", "analysis_url": "https://api.spotify.com/v1/audio-analysis/4BVH1mjLoS0TeJ0ni2o9AN", "duration_ms": 218400, "time_signature": 4}, {"danceability": 0.611, "energy": 0.735, "key": 7, "loudness": -8.372, "mode": 0, "speechiness": 0.0345, "acousticness": 0.257, "instrumentalness": 0, "liveness": 0.914, "valence": 0.832, "tempo": 88.013, "type": "audio_features", "id": "6XOsXDAtgNGOPzyalU4zcT", "uri": "spotify:track:6XOsXDAtgNGOPzyalU4zcT", "track_href": "https://api.spotify.com/v1/tracks/6XOsXDAtgNGOPzyalU4zcT", "analysis_url": "https://api.spotify.com/v1/audio-analysis/6XOsXDAtgNGOPzyalU4zcT", "duration_ms": 221213, "time_signature": 4}, {"danceability": 0.53, "energy": 0.752, "key": 7, "loudness": -7.434, "mode": 1, "speechiness": 0.0372, "acousticness": 0.623, "instrumentalness": 0, "liveness": 0.863, "valence": 0.808, "tempo": 158.039, "type": "audio_features", "id": "055YXpE0maofJbNJxJ6QTN", "uri": "spotify:track:055YXpE0maofJbNJxJ6QTN", "track_href": "https://api.spotify.com/v1/tracks/055YXpE0maofJbNJxJ6QTN", "analysis_url": "https://api.spotify.com/v1/audio-analysis/055YXpE0maofJbNJxJ6QTN", "duration_ms": 214541, "time_signature": 4}, {"danceability": 0.648, "energy": 0.542, "key": 3, "loudness": -6.292, "mode": 1, "speechiness": 0.036, "acousticness": 0.692, "instrumentalness": 0, "liveness": 0.0923, "valence": 0.835, "tempo": 147.861, "type": "audio_features", "id": "4muZ1PUxmss4cVmYnpLrvs", "uri": "spotify:track:4muZ1PUxmss4cVmYnpLrvs", "track_href": "https://api.spotify.com/v1/tracks/4muZ1PUxmss4cVmYnpLrvs", "analysis_url": "https://api.spotify.com/v1/audio-analysis/4muZ1PUxmss4cVmYnpLrvs", "duration_ms": 223547, "time_signature": 4}, {"danceability": 0.443, "energy": 0.729, "key": 7, "loudness": -9.089, "mode": 1, "speechiness": 0.0582, "acousticness": 0.584, "instrumentalness": 0, "liveness": 0.81, "valence": 0.529, "tempo": 145.606, "type": "audio_features", "id": "7Gjd4xF6dy3Qf5UvkpCEOU", "uri": "spotify:track:7Gjd4xF6dy3Qf5UvkpCEOU", "track_href": "https://api.spotify.com/v1/tracks/7Gjd4xF6dy3Qf5UvkpCEOU", "analysis_url": "https://api.spotify.com/v1/audio-analysis/7Gjd4xF6dy3Qf5UvkpCEOU", "duration_ms": 187880, "time_signature": 4}, {"danceability": 0.502, "energy": 0.49, "key": 9, "loudness": -9.99, "mode": 1, "speechiness": 0.068, "acousticness": 0.641, "instrumentalness": 5.66e-05, "liveness": 0.76, "valence": 0.708, "tempo": 153.848, "type": "audio_features", "id": "0ja80k9GL9aR5IZ79tQHVX", "uri": "spotify:track:0ja80k9GL9aR5IZ79tQHVX", "track_href": "https://api.spotify.com/v1/tracks/0ja80k9GL9aR5IZ79tQHVX", "analysis_url": "https://api.spotify.com/v1/audio-analysis/0ja80k9GL9aR5IZ79tQHVX", "duration_ms": 274320, "time_signature": 4}, {"danceability": 0.677, "energy": 0.841, "key": 5, "loudness": -7.417, "mode": 1, "speechiness": 0.183, "acousticness": 0.699, "instrumentalness": 0, "liveness": 0.359, "valence": 0.856, "tempo": 115.975, "type": "audio_features", "id": "4u1GDdZJcsbrIbpEyoK3mZ", "uri": "spotify:track:4u1GDdZJcsbrIbpEyoK3mZ", "track_href": "https://api.spotify.com/v1/tracks/4u1GDdZJcsbrIbpEyoK3mZ", "analysis_url": "https://api.spotify.com/v1/audio-analysis/4u1GDdZJcsbrIbpEyoK3mZ", "duration_ms": 206736, "time_signature": 4}, {"danceability": 0.552, "energy": 0.746, "key": 2, "loudness": -8.293, "mode": 1, "speechiness": 0.0537, "acousticness": 0.722, "instrumentalness": 1.25e-06, "liveness": 0.979, "valence": 0.769, "tempo": 93.888, "type": "audio_features", "id": "675sZZfbv7A3S8EukDCW7l", "uri": "spotify:track:675sZZfbv7A3S8EukDCW7l", "track_href": "https://api.spotify.com/v1/tracks/675sZZfbv7A3S8EukDCW7l", "analysis_url": "https://api.spotify.com/v1/audio-analysis/675sZZfbv7A3S8EukDCW7l", "duration_ms": 321597, "time_signature": 4}, {"danceability": 0.458, "energy": 0.777, "key": 1, "loudness": -6.755, "mode": 0, "speechiness": 0.0443, "acousticness": 0.52, "instrumentalness": 4.16e-06, "liveness": 0.408, "valence": 0.88, "tempo": 112.053, "type": "audio_features", "id": "2ebE2pD64pVIEmu8YEESah", "uri": "spotify:track:2ebE2pD64pVIEmu8YEESah", "track_href": "https://api.spotify.com/v1/tracks/2ebE2pD64pVIEmu8YEESah", "analysis_url": "https://api.spotify.com/v1/audio-analysis/2ebE2pD64pVIEmu8YEESah", "duration_ms": 429000, "time_signature": 4}, {"danceability": 0.267, "energy": 0.778, "key": 1, "loudness": -7.677, "mode": 0, "speechiness": 0.0494, "acousticness": 0.227, "instrumentalness": 0, "liveness": 0.562, "valence": 0.412, "tempo": 80.812, "type": "audio_features", "id": "25ZlMLsOjB5t1GPxXLXXZf", "uri": "spotify:track:25ZlMLsOjB5t1GPxXLXXZf", "track_href": "https://api.spotify.com/v1/tracks/25ZlMLsOjB5t1GPxXLXXZf", "analysis_url": "https://api.spotify.com/v1/audio-analysis/25ZlMLsOjB5t1GPxXLXXZf", "duration_ms": 348315, "time_signature": 4}, {"danceability": 0.684, "energy": 0.697, "key": 7, "loudness": -6.702, "mode": 1, "speechiness": 0.0736, "acousticness": 0.444, "instrumentalness": 0, "liveness": 0.486, "valence": 0.521, "tempo": 104.968, "type": "audio_features", "id": "5yEGs6NxH8JJseKVNKeduc", "uri": "spotify:track:5yEGs6NxH8JJseKVNKeduc", "track_href": "https://api.spotify.com/v1/tracks/5yEGs6NxH8JJseKVNKeduc", "analysis_url": "https://api.spotify.com/v1/audio-analysis/5yEGs6NxH8JJseKVNKeduc", "duration_ms": 248493, "time_signature": 4}, {"danceability": 0.74, "energy": 0.852, "key": 10, "loudness": -4.097, "mode": 0, "speechiness": 0.0569, "acousticness": 0.455, "instrumentalness": 0, "liveness": 0.184, "valence": 0.886, "tempo": 154.979, "type": "audio_features", "id": "0iBVRpbxizCnHC4RWaPNYn", "uri": "spotify:track:0iBVRpbxizCnHC4RWaPNYn", "track_href": "https://api.spotify.com/v1/tracks/0iBVRpbxizCnHC4RWaPNYn", "analysis_url": "https://api.spotify.com/v1/audio-analysis/0iBVRpbxizCnHC4RWaPNYn", "duration_ms": 127349, "time_signature": 4}, {"danceability": 0.323, "energy": 0.655, "key": 0, "loudness": -7.412, "mode": 1, "speechiness": 0.0375, "acousticness": 0.676, "instrumentalness": 0, "liveness": 0.767, "valence": 0.657, "tempo": 164.77, "type": "audio_features", "id": "40ejYprsOG1G7RwuOcRyxo", "uri": "spotify:track:40ejYprsOG1G7RwuOcRyxo", "track_href": "https://api.spotify.com/v1/tracks/40ejYprsOG1G7RwuOcRyxo", "analysis_url": "https://api.spotify.com/v1/audio-analysis/40ejYprsOG1G7RwuOcRyxo", "duration_ms": 268240, "time_signature": 4}, {"danceability": 0.578, "energy": 0.79, "key": 9, "loudness": -7.84, "mode": 1, "speechiness": 0.0734, "acousticness": 0.827, "instrumentalness": 0, "liveness": 0.973, "valence": 0.781, "tempo": 90.276, "type": "audio_features", "id": "3kqzSZdgPRqMqgTvyw0V3t", "uri": "spotify:track:3kqzSZdgPRqMqgTvyw0V3t", "track_href": "https://api.spotify.com/v1/tracks/3kqzSZdgPRqMqgTvyw0V3t", "analysis_url": "https://api.spotify.com/v1/audio-analysis/3kqzSZdgPRqMqgTvyw0V3t", "duration_ms": 180880, "time_signature": 4}, {"danceability": 0.656, "energy": 0.817, "key": 9, "loudness": -7.572, "mode": 0, "speechiness": 0.0405, "acousticness": 0.618, "instrumentalness": 7.71e-06, "liveness": 0.95, "valence": 0.96, "tempo": 92.788, "type": "audio_features", "id": "0UBgbxwL6ZHjR7F6fjFpBI", "uri": "spotify:track:0UBgbxwL6ZHjR7F6fjFpBI", "track_href": "https://api.spotify.com/v1/tracks/0UBgbxwL6ZHjR7F6fjFpBI", "analysis_url": "https://api.spotify.com/v1/audio-analysis/0UBgbxwL6ZHjR7F6fjFpBI", "duration_ms": 198800, "time_signature": 4}, {"danceability": 0.495, "energy": 0.785, "key": 7, "loudness": -8.87, "mode": 1, "speechiness": 0.0601, "acousticness": 0.76, "instrumentalness": 0.000135, "liveness": 0.71, "valence": 0.907, "tempo": 99.253, "type": "audio_features", "id": "5208LKuihL0farASiFLxEl", "uri": "spotify:track:5208LKuihL0farASiFLxEl", "track_href": "https://api.spotify.com/v1/tracks/5208LKuihL0farASiFLxEl", "analysis_url": "https://api.spotify.com/v1/audio-analysis/5208LKuihL0farASiFLxEl", "duration_ms": 224733, "time_signature": 4}, {"danceability": 0.565, "energy": 0.672, "key": 0, "loudness": -6.685, "mode": 0, "speechiness": 0.0487, "acousticness": 0.679, "instrumentalness": 0, "liveness": 0.467, "valence": 0.868, "tempo": 159.811, "type": "audio_features", "id": "1obU3i5Y9bnntO0vs80IRh", "uri": "spotify:track:1obU3i5Y9bnntO0vs80IRh", "track_href": "https://api.spotify.com/v1/tracks/1obU3i5Y9bnntO0vs80IRh", "analysis_url": "https://api.spotify.com/v1/audio-analysis/1obU3i5Y9bnntO0vs80IRh", "duration_ms": 175425, "time_signature": 4}, {"danceability": 0.664, "energy": 0.804, "key": 1, "loudness": -4.479, "mode": 1, "speechiness": 0.139, "acousticness": 0.448, "instrumentalness": 0, "liveness": 0.0637, "valence": 0.901, "tempo": 127.902, "type": "audio_features", "id": "3Nkojx2F5B2QpPNnTswIiT", "uri": "spotify:track:3Nkojx2F5B2QpPNnTswIiT", "track_href": "https://api.spotify.com/v1/tracks/3Nkojx2F5B2QpPNnTswIiT", "analysis_url": "https://api.spotify.com/v1/audio-analysis/3Nkojx2F5B2QpPNnTswIiT", "duration_ms": 210704, "time_signature": 4}, {"danceability": 0.624, "energy": 0.727, "key": 4, "loudness": -8.838, "mode": 1, "speechiness": 0.0617, "acousticness": 0.701, "instrumentalness": 0, "liveness": 0.865, "valence": 0.859, "tempo": 172.037, "type": "audio_features", "id": "3Hq8apYUWUe5VYF691TBbD", "uri": "spotify:track:3Hq8apYUWUe5VYF691TBbD", "track_href": "https://api.spotify.com/v1/tracks/3Hq8apYUWUe5VYF691TBbD", "analysis_url": "https://api.spotify.com/v1/audio-analysis/3Hq8apYUWUe5VYF691TBbD", "duration_ms": 192993, "time_signature": 4}, {"danceability": 0.61, "energy": 0.755, "key": 0, "loudness": -8.03, "mode": 1, "speechiness": 0.0372, "acousticness": 0.679, "instrumentalness": 0.000505, "liveness": 0.838, "valence": 0.647, "tempo": 75.0, "type": "audio_features", "id": "0vkEbGCVNvXTsWZUesfItC", "uri": "spotify:track:0vkEbGCVNvXTsWZUesfItC", "track_href": "https://api.spotify.com/v1/tracks/0vkEbGCVNvXTsWZUesfItC", "analysis_url": "https://api.spotify.com/v1/audio-analysis/0vkEbGCVNvXTsWZUesfItC", "duration_ms": 171445, "time_signature": 4}, {"danceability": 0.553, "energy": 0.882, "key": 7, "loudness": -5.574, "mode": 1, "speechiness": 0.0884, "acousticness": 0.581, "instrumentalness": 1.19e-06, "liveness": 0.975, "valence": 0.574, "tempo": 89.615, "type": "audio_features", "id": "7yclUVom8s41Oj4bsk81GS", "uri": "spotify:track:7yclUVom8s41Oj4bsk81GS", "track_href": "https://api.spotify.com/v1/tracks/7yclUVom8s41Oj4bsk81GS", "analysis_url": "https://api.spotify.com/v1/audio-analysis/7yclUVom8s41Oj4bsk81GS", "duration_ms": 440619, "time_signature": 4}, {"danceability": 0.52, "energy": 0.699, "key": 0, "loudness": -8.951, "mode": 1, "speechiness": 0.0493, "acousticness": 0.458, "instrumentalness": 2e-06, "liveness": 0.964, "valence": 0.688, "tempo": 150.42, "type": "audio_features", "id": "4MJm8JudMDPBqZgP69rE78", "uri": "spotify:track:4MJm8JudMDPBqZgP69rE78", "track_href": "https://api.spotify.com/v1/tracks/4MJm8JudMDPBqZgP69rE78", "analysis_url": "https://api.spotify.com/v1/audio-analysis/4MJm8JudMDPBqZgP69rE78", "duration_ms": 256960, "time_signature": 4}, {"danceability": 0.511, "energy": 0.563, "key": 8, "loudness": -8.137, "mode": 1, "speechiness": 0.0357, "acousticness": 0.809, "instrumentalness": 0, "liveness": 0.387, "valence": 0.589, "tempo": 77.313, "type": "audio_features", "id": "4XSCGJ59AJCcZiJy9C9KGG", "uri": "spotify:track:4XSCGJ59AJCcZiJy9C9KGG", "track_href": "https://api.spotify.com/v1/tracks/4XSCGJ59AJCcZiJy9C9KGG", "analysis_url": "https://api.spotify.com/v1/audio-analysis/4XSCGJ59AJCcZiJy9C9KGG", "duration_ms": 253723, "time_signature": 4}, {"danceability": 0.532, "energy": 0.793, "key": 7, "loudness": -8.161, "mode": 0, "speechiness": 0.122, "acousticness": 0.431, "instrumentalness": 2.72e-06, "liveness": 0.805, "valence": 0.808, "tempo": 92.583, "type": "audio_features", "id": "72tEe7ipgmsBRenPYMQZIG", "uri": "spotify:track:72tEe7ipgmsBRenPYMQZIG", "track_href": "https://api.spotify.com/v1/tracks/72tEe7ipgmsBRenPYMQZIG", "analysis_url": "https://api.spotify.com/v1/audio-analysis/72tEe7ipgmsBRenPYMQZIG", "duration_ms": 122090, "time_signature": 4}, {"danceability": 0.429, "energy": 0.854, "key": 7, "loudness": -11.23, "mode": 0, "speechiness": 0.0453, "acousticness": 0.272, "instrumentalness": 0.000151, "liveness": 0.943, "valence": 0.783, "tempo": 165.09, "type": "audio_features", "id": "4JmJWZKDe224LwO5m73rPs", "uri": "spotify:track:4JmJWZKDe224LwO5m73rPs", "track_href": "https://api.spotify.com/v1/tracks/4JmJWZKDe224LwO5m73rPs", "analysis_url": "https://api.spotify.com/v1/audio-analysis/4JmJWZKDe224LwO5m73rPs", "duration_ms": 261428, "time_signature": 4}, {"danceability": 0.631, "energy": 0.799, "key": 2, "loudness": -7.183, "mode": 1, "speechiness": 0.0353, "acousticness": 0.241, "instrumentalness": 0, "liveness": 0.962, "valence": 0.84, "tempo": 100.444, "type": "audio_features", "id": "3G16ZnoxD6lmFIpWfYAPpc", "uri": "spotify:track:3G16ZnoxD6lmFIpWfYAPpc", "track_href": "https://api.spotify.com/v1/tracks/3G16ZnoxD6lmFIpWfYAPpc", "analysis_url": "https://api.spotify.com/v1/audio-analysis/3G16ZnoxD6lmFIpWfYAPpc", "duration_ms": 171413, "time_signature": 4}, {"danceability": 0.45, "energy": 0.687, "key": 5, "loudness": -9.586, "mode": 1, "speechiness": 0.183, "acousticness": 0.733, "instrumentalness": 0, "liveness": 0.388, "valence": 0.553, "tempo": 117.87, "type": "audio_features", "id": "757HYIXb7nNgG50hvLIG37", "uri": "spotify:track:757HYIXb7nNgG50hvLIG37", "track_href": "https://api.spotify.com/v1/tracks/757HYIXb7nNgG50hvLIG37", "analysis_url": "https://api.spotify.com/v1/audio-analysis/757HYIXb7nNgG50hvLIG37", "duration_ms": 230605, "time_signature": 4}, {"danceability": 0.611, "energy": 0.849, "key": 9, "loudness": -6.652, "mode": 1, "speechiness": 0.0415, "acousticness": 0.773, "instrumentalness": 0, "liveness": 0.982, "valence": 0.907, "tempo": 80.067, "type": "audio_features", "id": "1XCKlzIqaehohdUTihetGN", "uri": "spotify:track:1XCKlzIqaehohdUTihetGN", "track_href": "https://api.spotify.com/v1/tracks/1XCKlzIqaehohdUTihetGN", "analysis_url": "https://api.spotify.com/v1/audio-analysis/1XCKlzIqaehohdUTihetGN", "duration_ms": 156921, "time_signature": 4}, {"danceability": 0.529, "energy": 0.78, "key": 9, "loudness": -5.837, "mode": 1, "speechiness": 0.0495, "acousticness": 0.519, "instrumentalness": 0, "liveness": 0.977, "valence": 0.674, "tempo": 92.0, "type": "audio_features", "id": "1ZsWo7fxXBGKhofmEXTdij", "uri": "spotify:track:1ZsWo7fxXBGKhofmEXTdij", "track_href": "https://api.spotify.com/v1/tracks/1ZsWo7fxXBGKhofmEXTdij", "analysis_url": "https://api.spotify.com/v1/audio-analysis/1ZsWo7fxXBGKhofmEXTdij", "duration_ms": 310200, "time_signature": 4}, {"danceability": 0.393, "energy": 0.754, "key": 2, "loudness": -7.866, "mode": 1, "speechiness": 0.0493, "acousticness": 0.748, "instrumentalness": 8.39e-06, "liveness": 0.439, "valence": 0.715, "tempo": 164.967, "type": "audio_features", "id": "2e2p1MimPkdozjxvyir289", "uri": "spotify:track:2e2p1MimPkdozjxvyir289", "track_href": "https://api.spotify.com/v1/tracks/2e2p1MimPkdozjxvyir289", "analysis_url": "https://api.spotify.com/v1/audio-analysis/2e2p1MimPkdozjxvyir289", "duration_ms": 301707, "time_signature": 4}, {"danceability": 0.469, "energy": 0.832, "key": 2, "loudness": -4.401, "mode": 1, "speechiness": 0.0575, "acousticness": 0.501, "instrumentalness": 0, "liveness": 0.974, "valence": 0.516, "tempo": 157.937, "type": "audio_features", "id": "21hmHvw78lceZhs5hKNW1V", "uri": "spotify:track:21hmHvw78lceZhs5hKNW1V", "track_href": "https://api.spotify.com/v1/tracks/21hmHvw78lceZhs5hKNW1V", "analysis_url": "https://api.spotify.com/v1/audio-analysis/21hmHvw78lceZhs5hKNW1V", "duration_ms": 221895, "time_signature": 4}, {"danceability": 0.479, "energy": 0.661, "key": 9, "loudness": -9.204, "mode": 1, "speechiness": 0.0322, "acousticness": 0.54, "instrumentalness": 0, "liveness": 0.802, "valence": 0.79, "tempo": 165.717, "type": "audio_features", "id": "3cbrh44Z2UcVww435levjH", "uri": "spotify:track:3cbrh44Z2UcVww435levjH", "track_href": "https://api.spotify.com/v1/tracks/3cbrh44Z2UcVww435levjH", "analysis_url": "https://api.spotify.com/v1/audio-analysis/3cbrh44Z2UcVww435levjH", "duration_ms": 225413, "time_signature": 4}, {"danceability": 0.608, "energy": 0.868, "key": 8, "loudness": -5.89, "mode": 0, "speechiness": 0.128, "acousticness": 0.263, "instrumentalness": 0, "liveness": 0.357, "valence": 0.588, "tempo": 100.031, "type": "audio_features", "id": "7AJXKyYw3tmyrDY6ZEbge3", "uri": "spotify:track:7AJXKyYw3tmyrDY6ZEbge3", "track_href": "https://api.spotify.com/v1/tracks/7AJXKyYw3tmyrDY6ZEbge3", "analysis_url": "https://api.spotify.com/v1/audio-analysis/7AJXKyYw3tmyrDY6ZEbge3", "duration_ms": 216938, "time_signature": 4}, {"danceability": 0.629, "energy": 0.88, "key": 2, "loudness": -7.213, "mode": 1, "speechiness": 0.0789, "acousticness": 0.686, "instrumentalness": 3.47e-06, "liveness": 0.72, "valence": 0.724, "tempo": 106.956, "type": "audio_features", "id": "5isTw4twDjzCZAnfpW1e6z", "uri": "spotify:track:5isTw4twDjzCZAnfpW1e6z", "track_href": "https://api.spotify.com/v1/tracks/5isTw4twDjzCZAnfpW1e6z", "analysis_url": "https://api.spotify.com/v1/audio-analysis/5isTw4twDjzCZAnfpW1e6z", "duration_ms": 256493, "time_signature": 4}, {"danceability": 0.458, "energy": 0.737, "key": 1, "loudness": -7.453, "mode": 0, "speechiness": 0.0708, "acousticness": 0.641, "instrumentalness": 0, "liveness": 0.811, "valence": 0.591, "tempo": 164.003, "type": "audio_features", "id": "67hKgDUbY3ktUK241L94d7", "uri": "spotify:track:67hKgDUbY3ktUK241L94d7", "track_href": "https://api.spotify.com/v1/tracks/67hKgDUbY3ktUK241L94d7", "analysis_url": "https://api.spotify.com/v1/audio-analysis/67hKgDUbY3ktUK241L94d7", "duration_ms": 359200, "time_signature": 4}, {"danceability": 0.527, "energy": 0.732, "key": 2, "loudness": -6.111, "mode": 1, "speechiness": 0.0585, "acousticness": 0.528, "instrumentalness": 1.85e-06, "liveness": 0.432, "valence": 0.592, "tempo": 160.002, "type": "audio_features", "id": "1BbUzuStkd4n3L2vveQre4", "uri": "spotify:track:1BbUzuStkd4n3L2vveQre4", "track_href": "https://api.spotify.com/v1/tracks/1BbUzuStkd4n3L2vveQre4", "analysis_url": "https://api.spotify.com/v1/audio-analysis/1BbUzuStkd4n3L2vveQre4", "duration_ms": 239597, "time_signature": 4}, {"danceability": 0.581, "energy": 0.912, "key": 9, "loudness": -3.392, "mode": 1, "speechiness": 0.037, "acousticness": 0.367, "instrumentalness": 0, "liveness": 0.0766, "valence": 0.824, "tempo": 172.014, "type": "audio_features", "id": "6rPNEBrXXdLBFFunLctAI8", "uri": "spotify:track:6rPNEBrXXdLBFFunLctAI8", "track_href": "https://api.spotify.com/v1/tracks/6rPNEBrXXdLBFFunLctAI8", "analysis_url": "https://api.spotify.com/v1/audio-analysis/6rPNEBrXXdLBFFunLctAI8", "duration_ms": 213667, "time_signature": 4}, {"danceability": 0.712, "energy": 0.82, "key": 7, "loudness": -6.717, "mode": 1, "speechiness": 0.0834, "acousticness": 0.589, "instrumentalness": 0, "liveness": 0.398, "valence": 0.818, "tempo": 100.021, "type": "audio_features", "id": "5YUnlJa8tEFJay0EmY2fhE", "uri": "spotify:track:5YUnlJa8tEFJay0EmY2fhE", "track_href": "https://api.spotify.com/v1/tracks/5YUnlJa8tEFJay0EmY2fhE", "analysis_url": "https://api.spotify.com/v1/audio-analysis/5YUnlJa8tEFJay0EmY2fhE", "duration_ms": 193309, "time_signature": 4}, {"danceability": 0.383, "energy": 0.783, "key": 8, "loudness": -8.126, "mode": 1, "speechiness": 0.0709, "acousticness": 0.673, "instrumentalness": 0, "liveness": 0.944, "valence": 0.563, "tempo": 70.936, "type": "audio_features", "id": "6PH5tLQMmQMLflXqrP4vIu", "uri": "spotify:track:6PH5tLQMmQMLflXqrP4vIu", "track_href": "https://api.spotify.com/v1/tracks/6PH5tLQMmQMLflXqrP4vIu", "analysis_url": "https://api.spotify.com/v1/audio-analysis/6PH5tLQMmQMLflXqrP4vIu", "duration_ms": 235707, "time_signature": 4}, {"danceability": 0.606, "energy": 0.775, "key": 8, "loudness": -8.396, "mode": 0, "speechiness": 0.118, "acousticness": 0.549, "instrumentalness": 0, "liveness": 0.718, "valence": 0.734, "tempo": 87.9, "type": "audio_features", "id": "0JcylAi4aaQl6nveHHVjPv", "uri": "spotify:track:0JcylAi4aaQl6nveHHVjPv", "track_href": "https://api.spotify.com/v1/tracks/0JcylAi4aaQl6nveHHVjPv", "analysis_url": "https://api.spotify.com/v1/audio-analysis/0JcylAi4aaQl6nveHHVjPv", "duration_ms": 185133, "time_signature": 4}, {"danceability": 0.662, "energy": 0.785, "key": 7, "loudness": -8.109, "mode": 1, "speechiness": 0.112, "acousticness": 0.517, "instrumentalness": 0, "liveness": 0.358, "valence": 0.324, "tempo": 103.867, "type": "audio_features", "id": "2sC9NcBWmZX2gt3gM0ZEmo", "uri": "spotify:track:2sC9NcBWmZX2gt3gM0ZEmo", "track_href": "https://api.spotify.com/v1/tracks/2sC9NcBWmZX2gt3gM0ZEmo", "analysis_url": "https://api.spotify.com/v1/audio-analysis/2sC9NcBWmZX2gt3gM0ZEmo", "duration_ms": 226435, "time_signature": 4}, {"danceability": 0.57, "energy": 0.793, "key": 7, "loudness": -8.17, "mode": 1, "speechiness": 0.0546, "acousticness": 0.745, "instrumentalness": 0, "liveness": 0.834, "valence": 0.607, "tempo": 86.884, "type": "audio_features", "id": "6juqPdgEKpwNjoFyclr6b3", "uri": "spotify:track:6juqPdgEKpwNjoFyclr6b3", "track_href": "https://api.spotify.com/v1/tracks/6juqPdgEKpwNjoFyclr6b3", "analysis_url": "https://api.spotify.com/v1/audio-analysis/6juqPdgEKpwNjoFyclr6b3", "duration_ms": 179747, "time_signature": 4}, {"danceability": 0.497, "energy": 0.861, "key": 2, "loudness": -4.317, "mode": 1, "speechiness": 0.0423, "acousticness": 0.614, "instrumentalness": 0, "liveness": 0.325, "valence": 0.482, "tempo": 157.996, "type": "audio_features", "id": "7vT2iRW7l40p9fHnZHBkxy", "uri": "spotify:track:7vT2iRW7l40p9fHnZHBkxy", "track_href": "https://api.spotify.com/v1/tracks/7vT2iRW7l40p9fHnZHBkxy", "analysis_url": "https://api.spotify.com/v1/audio-analysis/7vT2iRW7l40p9fHnZHBkxy", "duration_ms": 224226, "time_signature": 4}, {"danceability": 0.551, "energy": 0.678, "key": 7, "loudness": -6.806, "mode": 1, "speechiness": 0.0552, "acousticness": 0.681, "instrumentalness": 0, "liveness": 0.246, "valence": 0.612, "tempo": 152.087, "type": "audio_features", "id": "1M9JZXjz6GCUH7VbFFBmJx", "uri": "spotify:track:1M9JZXjz6GCUH7VbFFBmJx", "track_href": "https://api.spotify.com/v1/tracks/1M9JZXjz6GCUH7VbFFBmJx", "analysis_url": "https://api.spotify.com/v1/audio-analysis/1M9JZXjz6GCUH7VbFFBmJx", "duration_ms": 186228, "time_signature": 4}, {"danceability": 0.458, "energy": 0.816, "key": 0, "loudness": -6.793, "mode": 1, "speechiness": 0.0516, "acousticness": 0.244, "instrumentalness": 0, "liveness": 0.729, "valence": 0.465, "tempo": 144.458, "type": "audio_features", "id": "5J4lRkS1Vbe24XkomHNaY6", "uri": "spotify:track:5J4lRkS1Vbe24XkomHNaY6", "track_href": "https://api.spotify.com/v1/tracks/5J4lRkS1Vbe24XkomHNaY6", "analysis_url": "https://api.spotify.com/v1/audio-analysis/5J4lRkS1Vbe24XkomHNaY6", "duration_ms": 268000, "time_signature": 4}, {"danceability": 0.583, "energy": 0.715, "key": 7, "loudness": -7.171, "mode": 1, "speechiness": 0.0377, "acousticness": 0.789, "instrumentalness": 0, "liveness": 0.475, "valence": 0.621, "tempo": 159.964, "type": "audio_features", "id": "4uc91u8VkgMjD71ifQKGJ8", "uri": "spotify:track:4uc91u8VkgMjD71ifQKGJ8", "track_href": "https://api.spotify.com/v1/tracks/4uc91u8VkgMjD71ifQKGJ8", "analysis_url": "https://api.spotify.com/v1/audio-analysis/4uc91u8VkgMjD71ifQKGJ8", "duration_ms": 199888, "time_signature": 4}, {"danceability": 0.518, "energy": 0.8, "key": 11, "loudness": -7.933, "mode": 1, "speechiness": 0.0378, "acousticness": 0.694, "instrumentalness": 0.0835, "liveness": 0.758, "valence": 0.728, "tempo": 97.723, "type": "audio_features", "id": "6jrwEHluHDKsSqOF5oQzeY", "uri": "spotify:track:6jrwEHluHDKsSqOF5oQzeY", "track_href": "https://api.spotify.com/v1/tracks/6jrwEHluHDKsSqOF5oQzeY", "analysis_url": "https://api.spotify.com/v1/audio-analysis/6jrwEHluHDKsSqOF5oQzeY", "duration_ms": 270987, "time_signature": 4}, {"danceability": 0.489, "energy": 0.85, "key": 2, "loudness": -6.854, "mode": 1, "speechiness": 0.0803, "acousticness": 0.45, "instrumentalness": 0, "liveness": 0.893, "valence": 0.365, "tempo": 114.804, "type": "audio_features", "id": "38FDMr7uV4r4fgNx1McH1a", "uri": "spotify:track:38FDMr7uV4r4fgNx1McH1a", "track_href": "https://api.spotify.com/v1/tracks/38FDMr7uV4r4fgNx1McH1a", "analysis_url": "https://api.spotify.com/v1/audio-analysis/38FDMr7uV4r4fgNx1McH1a", "duration_ms": 188253, "time_signature": 4}, {"danceability": 0.693, "energy": 0.509, "key": 4, "loudness": -9.343, "mode": 1, "speechiness": 0.154, "acousticness": 0.429, "instrumentalness": 0, "liveness": 0.799, "valence": 0.554, "tempo": 142.952, "type": "audio_features", "id": "2BfbIbgrFXULyZ44mlSpbn", "uri": "spotify:track:2BfbIbgrFXULyZ44mlSpbn", "track_href": "https://api.spotify.com/v1/tracks/2BfbIbgrFXULyZ44mlSpbn", "analysis_url": "https://api.spotify.com/v1/audio-analysis/2BfbIbgrFXULyZ44mlSpbn", "duration_ms": 211698, "time_signature": 4}, {"danceability": 0.438, "energy": 0.848, "key": 6, "loudness": -6.525, "mode": 0, "speechiness": 0.133, "acousticness": 0.341, "instrumentalness": 0, "liveness": 0.914, "valence": 0.646, "tempo": 88.159, "type": "audio_features", "id": "53tntHbFQwbigGYrTlNeER", "uri": "spotify:track:53tntHbFQwbigGYrTlNeER", "track_href": "https://api.spotify.com/v1/tracks/53tntHbFQwbigGYrTlNeER", "analysis_url": "https://api.spotify.com/v1/audio-analysis/53tntHbFQwbigGYrTlNeER", "duration_ms": 227560, "time_signature": 4}, {"danceability": 0.542, "energy": 0.751, "key": 5, "loudness": -7.894, "mode": 0, "speechiness": 0.0673, "acousticness": 0.832, "instrumentalness": 0, "liveness": 0.822, "valence": 0.69, "tempo": 88.609, "type": "audio_features", "id": "5GejbM2Nt1xpnqukq6dnzv", "uri": "spotify:track:5GejbM2Nt1xpnqukq6dnzv", "track_href": "https://api.spotify.com/v1/tracks/5GejbM2Nt1xpnqukq6dnzv", "analysis_url": "https://api.spotify.com/v1/audio-analysis/5GejbM2Nt1xpnqukq6dnzv", "duration_ms": 251107, "time_signature": 4}, {"danceability": 0.634, "energy": 0.818, "key": 2, "loudness": -7.246, "mode": 1, "speechiness": 0.0437, "acousticness": 0.541, "instrumentalness": 2.89e-06, "liveness": 0.493, "valence": 0.896, "tempo": 93.303, "type": "audio_features", "id": "1q2GjugpJTsPsytIul0WYH", "uri": "spotify:track:1q2GjugpJTsPsytIul0WYH", "track_href": "https://api.spotify.com/v1/tracks/1q2GjugpJTsPsytIul0WYH", "analysis_url": "https://api.spotify.com/v1/audio-analysis/1q2GjugpJTsPsytIul0WYH", "duration_ms": 236827, "time_signature": 4}, {"danceability": 0.536, "energy": 0.809, "key": 11, "loudness": -7.574, "mode": 0, "speechiness": 0.0707, "acousticness": 0.628, "instrumentalness": 0, "liveness": 0.964, "valence": 0.46, "tempo": 95.04, "type": "audio_features", "id": "5LqdIFraDk9bpzD0pRoBdl", "uri": "spotify:track:5LqdIFraDk9bpzD0pRoBdl", "track_href": "https://api.spotify.com/v1/tracks/5LqdIFraDk9bpzD0pRoBdl", "analysis_url": "https://api.spotify.com/v1/audio-analysis/5LqdIFraDk9bpzD0pRoBdl", "duration_ms": 270982, "time_signature": 4}, {"danceability": 0.554, "energy": 0.713, "key": 0, "loudness": -8.19, "mode": 1, "speechiness": 0.0814, "acousticness": 0.181, "instrumentalness": 0, "liveness": 0.218, "valence": 0.476, "tempo": 81.988, "type": "audio_features", "id": "7AgDKs2scZ2aGbRW7Usd1o", "uri": "spotify:track:7AgDKs2scZ2aGbRW7Usd1o", "track_href": "https://api.spotify.com/v1/tracks/7AgDKs2scZ2aGbRW7Usd1o", "analysis_url": "https://api.spotify.com/v1/audio-analysis/7AgDKs2scZ2aGbRW7Usd1o", "duration_ms": 221520, "time_signature": 4}, {"danceability": 0.442, "energy": 0.54, "key": 1, "loudness": -7.693, "mode": 1, "speechiness": 0.066, "acousticness": 0.402, "instrumentalness": 0, "liveness": 0.935, "valence": 0.431, "tempo": 78.077, "type": "audio_features", "id": "1hdgaVzJS76JdmRhxlhbto", "uri": "spotify:track:1hdgaVzJS76JdmRhxlhbto", "track_href": "https://api.spotify.com/v1/tracks/1hdgaVzJS76JdmRhxlhbto", "analysis_url": "https://api.spotify.com/v1/audio-analysis/1hdgaVzJS76JdmRhxlhbto", "duration_ms": 259285, "time_signature": 4}, {"danceability": 0.581, "energy": 0.577, "key": 2, "loudness": -6.108, "mode": 1, "speechiness": 0.043, "acousticness": 0.411, "instrumentalness": 1.62e-06, "liveness": 0.135, "valence": 0.734, "tempo": 82.356, "type": "audio_features", "id": "7en6p0kR1aMqWWOZrGws4Y", "uri": "spotify:track:7en6p0kR1aMqWWOZrGws4Y", "track_href": "https://api.spotify.com/v1/tracks/7en6p0kR1aMqWWOZrGws4Y", "analysis_url": "https://api.spotify.com/v1/audio-analysis/7en6p0kR1aMqWWOZrGws4Y", "duration_ms": 255430, "time_signature": 4}, {"danceability": 0.786, "energy": 0.854, "key": 0, "loudness": -3.865, "mode": 1, "speechiness": 0.0658, "acousticness": 0.336, "instrumentalness": 0, "liveness": 0.329, "valence": 0.962, "tempo": 165.082, "type": "audio_features", "id": "3BnWT5QIkV7QK3OpiOvOXp", "uri": "spotify:track:3BnWT5QIkV7QK3OpiOvOXp", "track_href": "https://api.spotify.com/v1/tracks/3BnWT5QIkV7QK3OpiOvOXp", "analysis_url": "https://api.spotify.com/v1/audio-analysis/3BnWT5QIkV7QK3OpiOvOXp", "duration_ms": 153920, "time_signature": 4}, {"danceability": 0.561, "energy": 0.828, "key": 2, "loudness": -8.208, "mode": 1, "speechiness": 0.033, "acousticness": 0.137, "instrumentalness": 0, "liveness": 0.64, "valence": 0.937, "tempo": 170.209, "type": "audio_features", "id": "1N8d5yPxGXH1WRAn29Udzu", "uri": "spotify:track:1N8d5yPxGXH1WRAn29Udzu", "track_href": "https://api.spotify.com/v1/tracks/1N8d5yPxGXH1WRAn29Udzu", "analysis_url": "https://api.spotify.com/v1/audio-analysis/1N8d5yPxGXH1WRAn29Udzu", "duration_ms": 201053, "time_signature": 4}, {"danceability": 0.583, "energy": 0.78, "key": 8, "loudness": -7.043, "mode": 1, "speechiness": 0.0625, "acousticness": 0.395, "instrumentalness": 0, "liveness": 0.964, "valence": 0.737, "tempo": 90.745, "type": "audio_features", "id": "2rGNq5NvocvpBIQQ8Gckti", "uri": "spotify:track:2rGNq5NvocvpBIQQ8Gckti", "track_href": "https://api.spotify.com/v1/tracks/2rGNq5NvocvpBIQQ8Gckti", "analysis_url": "https://api.spotify.com/v1/audio-analysis/2rGNq5NvocvpBIQQ8Gckti", "duration_ms": 191933, "time_signature": 4}, {"danceability": 0.548, "energy": 0.9, "key": 4, "loudness": -7.17, "mode": 1, "speechiness": 0.072, "acousticness": 0.436, "instrumentalness": 0, "liveness": 0.945, "valence": 0.779, "tempo": 80.019, "type": "audio_features", "id": "1zDIL94Gj8tWDJ2q2OVbNn", "uri": "spotify:track:1zDIL94Gj8tWDJ2q2OVbNn", "track_href": "https://api.spotify.com/v1/tracks/1zDIL94Gj8tWDJ2q2OVbNn", "analysis_url": "https://api.spotify.com/v1/audio-analysis/1zDIL94Gj8tWDJ2q2OVbNn", "duration_ms": 200433, "time_signature": 4}, {"danceability": 0.65, "energy": 0.752, "key": 1, "loudness": -7.477, "mode": 0, "speechiness": 0.0491, "acousticness": 0.679, "instrumentalness": 0, "liveness": 0.759, "valence": 0.667, "tempo": 93.945, "type": "audio_features", "id": "5dHoAr4xe1XBNeYhYdKI3p", "uri": "spotify:track:5dHoAr4xe1XBNeYhYdKI3p", "track_href": "https://api.spotify.com/v1/tracks/5dHoAr4xe1XBNeYhYdKI3p", "analysis_url": "https://api.spotify.com/v1/audio-analysis/5dHoAr4xe1XBNeYhYdKI3p", "duration_ms": 247667, "time_signature": 4}, {"danceability": 0.408, "energy": 0.714, "key": 7, "loudness": -7.868, "mode": 0, "speechiness": 0.0591, "acousticness": 0.46, "instrumentalness": 1.04e-06, "liveness": 0.906, "valence": 0.555, "tempo": 156.241, "type": "audio_features", "id": "7zUZpIM2dAVciQXWSkeQiM", "uri": "spotify:track:7zUZpIM2dAVciQXWSkeQiM", "track_href": "https://api.spotify.com/v1/tracks/7zUZpIM2dAVciQXWSkeQiM", "analysis_url": "https://api.spotify.com/v1/audio-analysis/7zUZpIM2dAVciQXWSkeQiM", "duration_ms": 205093, "time_signature": 4}, {"danceability": 0.581, "energy": 0.721, "key": 9, "loudness": -9.86, "mode": 0, "speechiness": 0.0441, "acousticness": 0.612, "instrumentalness": 0.000358, "liveness": 0.648, "valence": 0.67, "tempo": 105.843, "type": "audio_features", "id": "1gDa6mXtwP3xE8tCNYAYDl", "uri": "spotify:track:1gDa6mXtwP3xE8tCNYAYDl", "track_href": "https://api.spotify.com/v1/tracks/1gDa6mXtwP3xE8tCNYAYDl", "analysis_url": "https://api.spotify.com/v1/audio-analysis/1gDa6mXtwP3xE8tCNYAYDl", "duration_ms": 231867, "time_signature": 4}, {"danceability": 0.333, "energy": 0.731, "key": 2, "loudness": -7.751, "mode": 1, "speechiness": 0.0708, "acousticness": 0.524, "instrumentalness": 0, "liveness": 0.953, "valence": 0.499, "tempo": 95.506, "type": "audio_features", "id": "5c5OxbPuYv3zrAq0szaTPL", "uri": "spotify:track:5c5OxbPuYv3zrAq0szaTPL", "track_href": "https://api.spotify.com/v1/tracks/5c5OxbPuYv3zrAq0szaTPL", "analysis_url": "https://api.spotify.com/v1/audio-analysis/5c5OxbPuYv3zrAq0szaTPL", "duration_ms": 226262, "time_signature": 4}, {"danceability": 0.319, "energy": 0.795, "key": 7, "loudness": -6.285, "mode": 1, "speechiness": 0.0489, "acousticness": 0.359, "instrumentalness": 0, "liveness": 0.954, "valence": 0.608, "tempo": 165.441, "type": "audio_features", "id": "6PrGVGqgDineT9hlNuBmSB", "uri": "spotify:track:6PrGVGqgDineT9hlNuBmSB", "track_href": "https://api.spotify.com/v1/tracks/6PrGVGqgDineT9hlNuBmSB", "analysis_url": "https://api.spotify.com/v1/audio-analysis/6PrGVGqgDineT9hlNuBmSB", "duration_ms": 277537, "time_signature": 4}, {"danceability": 0.531, "energy": 0.786, "key": 9, "loudness": -4.735, "mode": 1, "speechiness": 0.0474, "acousticness": 0.689, "instrumentalness": 0, "liveness": 0.869, "valence": 0.577, "tempo": 140.02, "type": "audio_features", "id": "7k2b7ia7JHxuPmbfcmaZrD", "uri": "spotify:track:7k2b7ia7JHxuPmbfcmaZrD", "track_href": "https://api.spotify.com/v1/tracks/7k2b7ia7JHxuPmbfcmaZrD", "analysis_url": "https://api.spotify.com/v1/audio-analysis/7k2b7ia7JHxuPmbfcmaZrD", "duration_ms": 237000, "time_signature": 4}, {"danceability": 0.657, "energy": 0.714, "key": 4, "loudness": -5.575, "mode": 1, "speechiness": 0.0437, "acousticness": 0.466, "instrumentalness": 0, "liveness": 0.43, "valence": 0.304, "tempo": 129.04, "type": "audio_features", "id": "7q5XZjQSTiQP4OYt5I9QNp", "uri": "spotify:track:7q5XZjQSTiQP4OYt5I9QNp", "track_href": "https://api.spotify.com/v1/tracks/7q5XZjQSTiQP4OYt5I9QNp", "analysis_url": "https://api.spotify.com/v1/audio-analysis/7q5XZjQSTiQP4OYt5I9QNp", "duration_ms": 175680, "time_signature": 4}, {"danceability": 0.735, "energy": 0.776, "key": 11, "loudness": -10.06, "mode": 1, "speechiness": 0.233, "acousticness": 0.593, "instrumentalness": 0, "liveness": 0.175, "valence": 0.899, "tempo": 104.821, "type": "audio_features", "id": "7bdhM9AJqWAIHooF4sh3wW", "uri": "spotify:track:7bdhM9AJqWAIHooF4sh3wW", "track_href": "https://api.spotify.com/v1/tracks/7bdhM9AJqWAIHooF4sh3wW", "analysis_url": "https://api.spotify.com/v1/audio-analysis/7bdhM9AJqWAIHooF4sh3wW", "duration_ms": 277933, "time_signature": 4}, {"danceability": 0.55, "energy": 0.698, "key": 7, "loudness": -7.224, "mode": 1, "speechiness": 0.0367, "acousticness": 0.665, "instrumentalness": 0, "liveness": 0.717, "valence": 0.531, "tempo": 96.973, "type": "audio_features", "id": "7AZPao1jegnylQcnDfNBxl", "uri": "spotify:track:7AZPao1jegnylQcnDfNBxl", "track_href": "https://api.spotify.com/v1/tracks/7AZPao1jegnylQcnDfNBxl", "analysis_url": "https://api.spotify.com/v1/audio-analysis/7AZPao1jegnylQcnDfNBxl", "duration_ms": 168166, "time_signature": 4}, {"danceability": 0.588, "energy": 0.729, "key": 2, "loudness": -7.806, "mode": 1, "speechiness": 0.0411, "acousticness": 0.752, "instrumentalness": 9.17e-06, "liveness": 0.967, "valence": 0.833, "tempo": 114.113, "type": "audio_features", "id": "4B9IZ65xBqKie4ddzdFwtL", "uri": "spotify:track:4B9IZ65xBqKie4ddzdFwtL", "track_href": "https://api.spotify.com/v1/tracks/4B9IZ65xBqKie4ddzdFwtL", "analysis_url": "https://api.spotify.com/v1/audio-analysis/4B9IZ65xBqKie4ddzdFwtL", "duration_ms": 262901, "time_signature": 4}, {"danceability": 0.481, "energy": 0.912, "key": 11, "loudness": -3.892, "mode": 1, "speechiness": 0.31, "acousticness": 0.392, "instrumentalness": 0, "liveness": 0.927, "valence": 0.69, "tempo": 78.006, "type": "audio_features", "id": "4kZmhCX7JiF7r0rUdfyFl6", "uri": "spotify:track:4kZmhCX7JiF7r0rUdfyFl6", "track_href": "https://api.spotify.com/v1/tracks/4kZmhCX7JiF7r0rUdfyFl6", "analysis_url": "https://api.spotify.com/v1/audio-analysis/4kZmhCX7JiF7r0rUdfyFl6", "duration_ms": 218893, "time_signature": 4}, {"danceability": 0.448, "energy": 0.788, "key": 4, "loudness": -8.697, "mode": 1, "speechiness": 0.0513, "acousticness": 0.78, "instrumentalness": 1.83e-06, "liveness": 0.836, "valence": 0.775, "tempo": 163.592, "type": "audio_features", "id": "1i1cno5hkn8DMWPh6AOHG7", "uri": "spotify:track:1i1cno5hkn8DMWPh6AOHG7", "track_href": "https://api.spotify.com/v1/tracks/1i1cno5hkn8DMWPh6AOHG7", "analysis_url": "https://api.spotify.com/v1/audio-analysis/1i1cno5hkn8DMWPh6AOHG7", "duration_ms": 327560, "time_signature": 4}, {"danceability": 0.639, "energy": 0.867, "key": 7, "loudness": -5.52, "mode": 1, "speechiness": 0.217, "acousticness": 0.602, "instrumentalness": 3.86e-05, "liveness": 0.835, "valence": 0.631, "tempo": 121.993, "type": "audio_features", "id": "234p7CwThXFrGBPZuvDknd", "uri": "spotify:track:234p7CwThXFrGBPZuvDknd", "track_href": "https://api.spotify.com/v1/tracks/234p7CwThXFrGBPZuvDknd", "analysis_url": "https://api.spotify.com/v1/audio-analysis/234p7CwThXFrGBPZuvDknd", "duration_ms": 244107, "time_signature": 4}, {"danceability": 0.695, "energy": 0.881, "key": 9, "loudness": -8.287, "mode": 1, "speechiness": 0.0412, "acousticness": 0.665, "instrumentalness": 0, "liveness": 0.855, "valence": 0.911, "tempo": 101.973, "type": "audio_features", "id": "2AKnTIqeNvuMS9YCWHRMQk", "uri": "spotify:track:2AKnTIqeNvuMS9YCWHRMQk", "track_href": "https://api.spotify.com/v1/tracks/2AKnTIqeNvuMS9YCWHRMQk", "analysis_url": "https://api.spotify.com/v1/audio-analysis/2AKnTIqeNvuMS9YCWHRMQk", "duration_ms": 185267, "time_signature": 4}, {"danceability": 0.597, "energy": 0.643, "key": 2, "loudness": -8.272, "mode": 1, "speechiness": 0.038, "acousticness": 0.632, "instrumentalness": 0, "liveness": 0.0784, "valence": 0.738, "tempo": 176.031, "type": "audio_features", "id": "4P7fzfqA3khDJesOxymWwR", "uri": "spotify:track:4P7fzfqA3khDJesOxymWwR", "track_href": "https://api.spotify.com/v1/tracks/4P7fzfqA3khDJesOxymWwR", "analysis_url": "https://api.spotify.com/v1/audio-analysis/4P7fzfqA3khDJesOxymWwR", "duration_ms": 166023, "time_signature": 4}, {"danceability": 0.411, "energy": 0.788, "key": 6, "loudness": -7.835, "mode": 0, "speechiness": 0.045, "acousticness": 0.559, "instrumentalness": 0, "liveness": 0.76, "valence": 0.68, "tempo": 169.015, "type": "audio_features", "id": "7IrpRbbuzUez072gtGCl7S", "uri": "spotify:track:7IrpRbbuzUez072gtGCl7S", "track_href": "https://api.spotify.com/v1/tracks/7IrpRbbuzUez072gtGCl7S", "analysis_url": "https://api.spotify.com/v1/audio-analysis/7IrpRbbuzUez072gtGCl7S", "duration_ms": 309298, "time_signature": 4}, {"danceability": 0.391, "energy": 0.667, "key": 2, "loudness": -5.683, "mode": 1, "speechiness": 0.0378, "acousticness": 0.691, "instrumentalness": 0, "liveness": 0.353, "valence": 0.59, "tempo": 72.995, "type": "audio_features", "id": "1R38t8OwFftz2EzCwMogIJ", "uri": "spotify:track:1R38t8OwFftz2EzCwMogIJ", "track_href": "https://api.spotify.com/v1/tracks/1R38t8OwFftz2EzCwMogIJ", "analysis_url": "https://api.spotify.com/v1/audio-analysis/1R38t8OwFftz2EzCwMogIJ", "duration_ms": 233043, "time_signature": 4}, {"danceability": 0.423, "energy": 0.905, "key": 9, "loudness": -4.669, "mode": 1, "speechiness": 0.0591, "acousticness": 0.613, "instrumentalness": 0, "liveness": 0.6, "valence": 0.904, "tempo": 84.729, "type": "audio_features", "id": "52RJvsxCEskHhf23u4q0cc", "uri": "spotify:track:52RJvsxCEskHhf23u4q0cc", "track_href": "https://api.spotify.com/v1/tracks/52RJvsxCEskHhf23u4q0cc", "analysis_url": "https://api.spotify.com/v1/audio-analysis/52RJvsxCEskHhf23u4q0cc", "duration_ms": 200933, "time_signature": 4}]