[{"danceability": 0.468, "energy": 0.0127, "key": 7, "loudness": -36.856, "mode": 1, "speechiness": 0.123, "acousticness": 0.994, "instrumentalness": 0.937, "liveness": 0.094, "valence": 0.356, "tempo": 72.776, "type": "audio_features", "id": "5NGtFXVpXSvwunEIGeviY3", "uri": "spotify:track:5NGtFXVpXSvwunEIGeviY3", "track_href": "https://api.spotify.com/v1/tracks/5NGtFXVpXSvwunEIGeviY3", "analysis_url": "https://api.spotify.com/v1/audio-analysis/5NGtFXVpXSvwunEIGeviY3", "duration_ms": 205867, "time_signature": 3}, {"danceability": 0.467, "energy": 0.0539, "key": 0, "loudness": -21.715, "mode": 1, "speechiness": 0.042, "acousticness": 0.985, "instrumentalness": 0.52, "liveness": 0.0947, "valence": 0.272, "tempo": 66.445, "type": "audio_features", "id": "59EPbYaZgU4qrQy1OwwhKt", "uri": "spotify:track:59EPbYaZgU4qrQy1OwwhKt", "track_href": "https://api.spotify.com/v1/tracks/59EPbYaZgU4qrQy1OwwhKt", "analysis_url": "https://api.spotify.com/v1/audio-analysis/59EPbYaZgU4qrQy1OwwhKt", "duration_ms": 105588, "time_signature": 5}, {"danceability": 0.216, "energy": 0.149, "key": 7, "loudness": -18.173, "mode": 1, "speechiness": 0.0402, "acousticness": 0.986, "instrumentalness": 0.94, "liveness": 0.0921, "valence": 0.117, "tempo": 123.201, "type": "audio_features", "id": "1p2KclGv8c1qKPoRq4exKd", "uri": "spotify:track:1p2KclGv8c1qKPoRq4exKd", "track_href": "https://api.spotify.com/v1/tracks/1p2KclGv8c1qKPoRq4exKd", "analysis_url": "https://api.spotify.com/v1/audio-analysis/1p2KclGv8c1qKPoRq4exKd", "duration_ms": 174333, "time_signature": 4}, {"danceability": 0.43, "energy": 0.0282, "key": 3, "loudness": -25.228, "mode": 1, "speechiness": 0.0451, "acousticness": 0.994, "instrumentalness": 0.96, "liveness": 0.11, "valence": 0.0396, "tempo": 65.34, "type": "audio_features", "id": "5mrxUVYEyowgATPU35aZay", "uri": "spotify:track:5mrxUVYEyowgATPU35aZay", "track_href": "https://api.spotify.com/v1/tracks/5mrxUVYEyowgATPU35aZay", "analysis_url": "https://api.spotify.com/v1/audio-analysis/5mrxUVYEyowgATPU35aZay", "duration_ms": 179702, "time_signature": 4}, {"danceability": 0.185, "energy": 0.112, "key": 1, "loudness": -18.943, "mode": 0, "speechiness": 0.0366, "acousticness": 0.99, "instrumentalness": 0.915, "liveness": 0.107, "valence": 0.0697, "tempo": 166.449, "type": "audio_features", "id": "1cyZIM22N8kmBqdATPBmI7", "uri": "spotify:track:1cyZIM22N8kmBqdATPBmI7", "track_href": "https://api.spotify.com/v1/tracks/1cyZIM22N8kmBqdATPBmI7", "analysis_url": "https://api.spotify.com/v1/audio-analysis/1cyZIM22N8kmBqdATPBmI7", "duration_ms": 128767, "time_signature": 3}, {"danceability": 0.389, "energy": 0.0371, "key": 9, "loudness": -23.951, "mode": 1, "speechiness": 0.0501, "acousticness": 0.994, "instrumentalness": 0.841, "liveness": 0.128, "valence": 0.269, "tempo": 96.57, "type": "audio_features", "id": "0PMAlHB4OYyLjqHVvhD3hV", "uri": "spotify:track:0PMAlHB4OYyLjqHVvhD3hV", "track_href": "https://api.spotify.com/v1/tracks/0PMAlHB4OYyLjqHVvhD3hV", "analysis_url": "https://api.spotify.com/v1/audio-analysis/0PMAlHB4OYyLjqHVvhD3hV", "duration_ms": 87288, "time_signature": 1}, {"danceability": 0.454, "energy": 0.095, "key": 1, "loudness": -21.375, "mode": 0, "speechiness": 0.0358, "acousticness": 0.958, "instrumentalness": 0.862, "liveness": 0.0906, "valence": 0.0395, "tempo": 160.088, "type": "audio_features", "id": "5I7CTEi8FIBCvSUrw5273y", "uri": "spotify:track:5I7CTEi8FIBCvSUrw5273y", "track_href": "https://api.spotify.com/v1/tracks/5I7CTEi8FIBCvSUrw5273y", "analysis_url": "https://api.spotify.com/v1/audio-analysis/5I7CTEi8FIBCvSUrw5273y", "duration_ms": 108237, "time_signature": 3}, {"danceability": 0.324, "energy": 0.0773, "key": 3, "loudness": -22.784, "mode": 0, "speechiness": 0.0469, "acousticness": 0.98, "instrumentalness": 0.92, "liveness": 0.118, "valence": 0.163, "tempo": 125.641, "type": "audio_features", "id": "6hrfAGbtb5gJIl8WJDQuNH", "uri": "spotify:track:6hrfAGbtb5gJIl8WJDQuNH", "track_href": "https://api.spotify.com/v1/tracks/6hrfAGbtb5gJIl8WJDQuNH", "analysis_url": "https://api.spotify.com/v1/audio-analysis/6hrfAGbtb5gJIl8WJDQuNH", "duration_ms": 137064, "time_signature": 4}, {"danceability": 0.376, "energy": 0.00579, "key": 5, "loudness": -31.615, "mode": 0, "speechiness": 0.0576, "acousticness": 0.996, "instrumentalness": 0.944, "liveness": 0.0882, "valence": 0.0369, "tempo": 71.827, "type": "audio_features", "id": "5fdp9rXfEixCGLM1Og4EN1", "uri": "spotify:track:5fdp9rXfEixCGLM1Og4EN1", "track_href": "https://api.spotify.com/v1/tracks/5fdp9rXfEixCGLM1Og4EN1", "analysis_url": "https://api.spotify.com/v1/audio-analysis/5fdp9rXfEixCGLM1Og4EN1", "duration_ms": 296480, "time_signature": 4}, {"danceability": 0.387, "energy": 0.228, "key": 3, "loudness": -19.412, "mode": 1, "speechiness": 0.0474, "acousticness": 0.963, "instrumentalness": 0.936, "liveness": 0.111, "valence": 0.0985, "tempo": 119.529, "type": "audio_features", "id": "3GElbFnmO7zexsPf3Tv9zz", "uri": "spotify:track:3GElbFnmO7zexsPf3Tv9zz", "track_href": "https://api.spotify.com/v1/tracks/3GElbFnmO7zexsPf3Tv9zz", "analysis_url": "https://api.spotify.com/v1/audio-analysis/3GElbFnmO7zexsPf3Tv9zz", "duration_ms": 257407, "time_signature": 4}, {"danceability": 0.499, "energy": 0.0306, "key": 9, "loudness": -24.52, "mode": 1, "speechiness": 0.0501, "acousticness": 0.993, "instrumentalness": 0.928, "liveness": 0.107, "valence": 0.204, "tempo": 128.266, "type": "audio_features", "id": "4gD6w9YOhwZTCVzVM1NI3c", "uri": "spotify:track:4gD6w9YOhwZTCVzVM1NI3c", "track_href": "https://api.spotify.com/v1/tracks/4gD6w9YOhwZTCVzVM1NI3c", "analysis_url": "https://api.spotify.com/v1/audio-analysis/4gD6w9YOhwZTCVzVM1NI3c", "duration_ms": 160750, "time_signature": 3}, {"danceability": 0.497, "energy": 0.0336, "key": 9, "loudness": -21.352, "mode": 1, "speechiness": 0.0442, "acousticness": 0.989, "instrumentalness": 0.952, "liveness": 0.0844, "valence": 0.232, "tempo": 117.318, "type": "audio_features", "id": "5hsIhqnrxJr7yDlPqh41wn", "uri": "spotify:track:5hsIhqnrxJr7yDlPqh41wn", "track_href": "https://api.spotify.com/v1/tracks/5hsIhqnrxJr7yDlPqh41wn", "analysis_url": "https://api.spotify.com/v1/audio-analysis/5hsIhqnrxJr7yDlPqh41wn", "duration_ms": 111010, "time_signature": 3}, {"danceability": 0.359, "energy": 0.308, "key": 0, "loudness": -19.462, "mode": 1, "speechiness": 0.0492, "acousticness": 0.966, "instrumentalness": 0.933, "liveness": 0.108, "valence": 0.214, "tempo": 129.531, "type": "audio_features", "id": "4Caxf2zalLFwZm64Afdmx7", "uri": "spotify:track:4Caxf2zalLFwZm64Afdmx7", "track_href": "https://api.spotify.com/v1/tracks/4Caxf2zalLFwZm64Afdmx7", "analysis_url": "https://api.spotify.com/v1/audio-analysis/4Caxf2zalLFwZm64Afdmx7", "duration_ms": 159933, "time_signature": 4}, {"danceability": 0.355, "energy": 0.0666, "key": 5, "loudness": -21.264, "mode": 0, "speechiness": 0.0409, "acousticness": 0.983, "instrumentalness": 0.905, "liveness": 0.0874, "valence": 0.111, "tempo": 126.999, "type": "audio_features", "id": "6QHAPZFoMEHOIsvBTZ4TfC", "uri": "spotify:track:6QHAPZFoMEHOIsvBTZ4TfC", "track_href": "https://api.spotify.com/v1/tracks/6QHAPZFoMEHOIsvBTZ4TfC", "analysis_url": "https://api.spotify.com/v1/audio-analysis/6QHAPZFoMEHOIsvBTZ4TfC", "duration_ms": 112520, "time_signature": 4}, {"danceability": 0.311, "energy": 0.0503, "key": 8, "loudness": -23.899, "mode": 0, "speechiness": 0.0351, "acousticness": 0.975, "instrumentalness": 0.92, "liveness": 0.0972, "valence": 0.0534, "tempo": 75.709, "type": "audio_features", "id": "3fv3HNRNXb88kb1Aj1n0R9", "uri": "spotify:track:3fv3HNRNXb88kb1Aj1n0R9", "track_href": "https://api.spotify.com/v1/tracks/3fv3HNRNXb88kb1Aj1n0R9", "analysis_url": "https://api.spotify.com/v1/audio-analysis/3fv3HNRNXb88kb1Aj1n0R9", "duration_ms": 118053, "time_signature": 4}, {"danceability": 0.377, "energy": 0.0457, "key": 1, "loudness": -23.229, "mode": 1, "speechiness": 0.0487, "acousticness": 0.992, "instrumentalness": 0.939, "liveness": 0.103, "valence": 0.0407, "tempo": 74.189, "type": "audio_features", "id": "3LOvS35S519jywgaHFDOVE", "uri": "spotify:track:3LOvS35S519jywgaHFDOVE", "track_href": "https://api.spotify.com/v1/tracks/3LOvS35S519jywgaHFDOVE", "analysis_url": "https://api.spotify.com/v1/audio-analysis/3LOvS35S519jywgaHFDOVE", "duration_ms": 341500, "time_signature": 1}, {"danceability": 0.362, "energy": 0.094, "key": 3, "loudness": -25.089, "mode": 0, "speechiness": 0.039, "acousticness": 0.988, "instrumentalness": 0.961, "liveness": 0.0978, "valence": 0.654, "tempo": 186.757, "type": "audio_features", "id": "1pXvErzvEwxLJOtVT3VQoE", "uri": "spotify:track:1pXvErzvEwxLJOtVT3VQoE", "track_href": "https://api.spotify.com/v1/tracks/1pXvErzvEwxLJOtVT3VQoE", "analysis_url": "https://api.spotify.com/v1/audio-analysis/1pXvErzvEwxLJOtVT3VQoE", "duration_ms": 182781, "time_signature": 4}, {"danceability": 0.415, "energy": 0.0405, "key": 5, "loudness": -19.074, "mode": 1, "speechiness": 0.0513, "acousticness": 0.989, "instrumentalness": 0.913, "liveness": 0.0826, "valence": 0.229, "tempo": 132.103, "type": "audio_features", "id": "3tS8aIQNV7qxOQmIP7YtBa", "uri": "spotify:track:3tS8aIQNV7qxOQmIP7YtBa", "track_href": "https://api.spotify.com/v1/tracks/3tS8aIQNV7qxOQmIP7YtBa", "analysis_url": "https://api.spotify.com/v1/audio-analysis/3tS8aIQNV7qxOQmIP7YtBa", "duration_ms": 162037, "time_signature": 4}, {"danceability": 0.109, "energy": 0.314, "key": 2, "loudness": -11.27, "mode": 1, "speechiness": 0.039, "acousticness": 0.982, "instrumentalness": 0.895, "liveness": 0.108, "valence": 0.0557, "tempo": 172.773, "type": "audio_features", "id": "0mD1a7haZKdX9I0oPywrMb", "uri": "spotify:track:0mD1a7haZKdX9I0oPywrMb", "track_href": "https://api.spotify.com/v1/tracks/0mD1a7haZKdX9I0oPywrMb", "analysis_url": "https://api.spotify.com/v1/audio-analysis/0mD1a7haZKdX9I0oPywrMb", "duration_ms": 289640, "time_signature": 3}, {"danceability": 0.332, "energy": 0.0525, "key": 0, "loudness": -24.1, "mode": 1, "speechiness": 0.0388, "acousticness": 0.991, "instrumentalness": 0.891, "liveness": 0.0683, "valence": 0.097, "tempo": 78.853, "type": "audio_features", "id": "2k2MprlqkmDMKKOOWGREzW", "uri": "spotify:track:2k2MprlqkmDMKKOOWGREzW", "track_href": "https://api.spotify.com/v1/tracks/2k2MprlqkmDMKKOOWGREzW", "analysis_url": "https://api.spotify.com/v1/audio-analysis/2k2MprlqkmDMKKOOWGREzW", "duration_ms": 158600, "time_signature": 3}, {"danceability": 0.147, "energy": 0.0418, "key": 7, "loudness": -32.727, "mode": 0, "speechiness": 0.0398, "acousticness": 0.969, "instrumentalness": 0.931, "liveness": 0.0592, "valence": 0.473, "tempo": 161.26, "type": "audio_features", "id": "3EAdSqILw5ICk4dbYjRKwX", "uri": "spotify:track:3EAdSqILw5ICk4dbYjRKwX", "track_href": "https://api.spotify.com/v1/tracks/3EAdSqILw5ICk4dbYjRKwX", "analysis_url": "https://api.spotify.com/v1/audio-analysis/3EAdSqILw5ICk4dbYjRKwX", "duration_ms": 186944, "time_signature": 3}, {"danceability": 0.411, "energy": 0.0495, "key": 9, "loudness": -22.114, "mode": 0, "speechiness": 0.0442, "acousticness": 0.991, "instrumentalness": 0.918, "liveness": 0.0771, "valence": 0.21, "tempo": 86.294, "type": "audio_features", "id": "7cS7RsZUQBH7zkswjUb356", "uri": "spotify:track:7cS7RsZUQBH7zkswjUb356", "track_href": "https://api.spotify.com/v1/tracks/7cS7RsZUQBH7zkswjUb356", "analysis_url": "https://api.spotify.com/v1/audio-analysis/7cS7RsZUQBH7zkswjUb356", "duration_ms": 94929, "time_signature": 4}, {"danceability": 0.272, "energy": 0.0351, "key": 9, "loudness": -21.618, "mode": 1, "speechiness": 0.0405, "acousticness": 0.992, "instrumentalness": 0.935, "liveness": 0.0897, "valence": 0.104, "tempo": 177.122, "type": "audio_features", "id": "0mbpBPW9YaGyVHOJOM3jvE", "uri": "spotify:track:0mbpBPW9YaGyVHOJOM3jvE", "track_href": "https://api.spotify.com/v1/tracks/0mbpBPW9YaGyVHOJOM3jvE", "analysis_url": "https://api.spotify.com/v1/audio-analysis/0mbpBPW9YaGyVHOJOM3jvE", "duration_ms": 142848, "time_signature": 3}, {"danceability": 0.311, "energy": 0.054, "key": 8, "loudness": -30.897, "mode": 1, "speechiness": 0.0532, "acousticness": 0.993, "instrumentalness": 0.901, "liveness": 0.112, "valence": 0.138, "tempo": 56.351, "type": "audio_features", "id": "21T0xM72sdNGhfx2q3k8uF", "uri": "spotify:track:21T0xM72sdNGhfx2q3k8uF", "track_href": "https://api.spotify.com/v1/tracks/21T0xM72sdNGhfx2q3k8uF", "analysis_url": "https://api.spotify.com/v1/audio-analysis/21T0xM72sdNGhfx2q3k8uF", "duration_ms": 108906, "time_signature": 4}, {"danceability": 0.0999, "energy": 0.181, "key": 0, "loudness": -17.599, "mode": 0, "speechiness": 0.0424, "acousticness": 0.94, "instrumentalness": 0.888, "liveness": 0.105, "valence": 0.0922, "tempo": 71.277, "type": "audio_features", "id": "6IZF8hi9J6EtFDLQqOlSbu", "uri": "spotify:track:6IZF8hi9J6EtFDLQqOlSbu", "track_href": "https://api.spotify.com/v1/tracks/6IZF8hi9J6EtFDLQqOlSbu", "analysis_url": "https://api.spotify.com/v1/audio-analysis/6IZF8hi9J6EtFDLQqOlSbu", "duration_ms": 178507, "time_signature": 4}, {"danceability": 0.307, "energy": 0.187, "key": 4, "loudness": -20.297, "mode": 0, "speechiness": 0.0398, "acousticness": 0.98, "instrumentalness": 0.909, "liveness": 0.122, "valence": 0.0395, "tempo": 125.924, "type": "audio_features", "id": "0DeamIBE0EHRwhdpWULZxM", "uri": "spotify:track:0DeamIBE0EHRwhdpWULZxM", "track_href": "https://api.spotify.com/v1/tracks/0DeamIBE0EHRwhdpWULZxM", "analysis_url": "https://api.spotify.com/v1/audio-analysis/0DeamIBE0EHRwhdpWULZxM", "duration_ms": 212000, "time_signature": 4}, {"danceability": 0.255, "energy": 0.0292, "key": 8, "loudness": -35.993, "mode": 1, "speechiness": 0.0415, "acousticness": 0.993, "instrumentalness": 0.947, "liveness": 0.116, "valence": 0.246, "tempo": 131.03, "type": "audio_features", "id": "53DfKwA289YJhlqU4eFpSO", "uri": "spotify:track:53DfKwA289YJhlqU4eFpSO", "track_href": "https://api.spotify.com/v1/tracks/53DfKwA289YJhlqU4eFpSO", "analysis_url": "https://api.spotify.com/v1/audio-analysis/53DfKwA289YJhlqU4eFpSO", "duration_ms": 104156, "time_signature": 3}, {"danceability": 0.249, "energy": 0.192, "key": 2, "loudness": -17.528, "mode": 0, "speechiness": 0.0375, "acousticness": 0.868, "instrumentalness": 0.871, "liveness": 0.116, "valence": 0.115, "tempo": 99.295, "type": "audio_features", "id": "3nluWqrMCm5cqKTM23pPpr", "uri": "spotify:track:3nluWqrMCm5cqKTM23pPpr", "track_href": "https://api.spotify.com/v1/tracks/3nluWqrMCm5cqKTM23pPpr", "analysis_url": "https://api.spotify.com/v1/audio-analysis/3nluWqrMCm5cqKTM23pPpr", "duration_ms": 162900, "time_signature": 3}, {"danceability": 0.296, "energy": 0.0503, "key": 5, "loudness": -27.9, "mode": 1, "speechiness": 0.0476, "acousticness": 0.993, "instrumentalness": 0.928, "liveness": 0.0837, "valence": 0.12, "tempo": 75.04, "type": "audio_features", "id": "5ID7Z9efHnVNfmfdv9H2HO", "uri": "spotify:track:5ID7Z9efHnVNfmfdv9H2HO", "track_href": "https://api.spotify.com/v1/tracks/5ID7Z9efHnVNfmfdv9H2HO", "analysis_url": "https://api.spotify.com/v1/audio-analysis/5ID7Z9efHnVNfmfdv9H2HO", "duration_ms": 104828, "time_signature": 5}, {"danceability": 0.358, "energy": 0.157, "key": 9, "loudness": -20.583, "mode": 0, "speechiness": 0.0469, "acousticness": 0.975, "instrumentalness": 0.931, "liveness": 0.108, "valence": 0.0877, "tempo": 70.927, "type": "audio_features", "id": "2ZojUeggI1NzvwaU3CPJcy", "uri": "spotify:track:2ZojUeggI1NzvwaU3CPJcy", "track_href": "https://api.spotify.com/v1/tracks/2ZojUeggI1NzvwaU3CPJcy", "analysis_url": "https://api.spotify.com/v1/audio-analysis/2ZojUeggI1NzvwaU3CPJcy", "duration_ms": 110901, "time_signature": 4}, {"danceability": 0.399, "energy": 0.0516, "key": 5, "loudness": -17.936, "mode": 1, "speechiness": 0.0462, "acousticness": 0.978, "instrumentalness": 0.934, "liveness": 0.14, "valence": 0.209, "tempo": 135.171, "type": "audio_features", "id": "3TmeG0p55jT1qP3gQXSxr9", "uri": "spotify:track:3TmeG0p55jT1qP3gQXSxr9", "track_href": "https://api.spotify.com/v1/tracks/3TmeG0p55jT1qP3gQXSxr9", "analysis_url": "https://api.spotify.com/v1/audio-analysis/3TmeG0p55jT1qP3gQXSxr9", "duration_ms": 103923, "time_signature": 4}, {"danceability": 0.308, "energy": 0.0278, "key": 10, "loudness": -33.19, "mode": 0, "speechiness": 0.0597, "acousticness": 0.995, "instrumentalness": 0.845, "liveness": 0.112, "valence": 0.079, "tempo": 80.304, "type": "audio_features", "id": "7FVzoht8jlH7RDBlrRvGGG", "uri": "spotify:track:7FVzoht8jlH7RDBlrRvGGG", "track_href": "https://api.spotify.com/v1/tracks/7FVzoht8jlH7RDBlrRvGGG", "analysis_url": "https://api.spotify.com/v1/audio-analysis/7FVzoht8jlH7RDBlrRvGGG", "duration_ms": 118687, "time_signature": 3}, {"danceability": 0.376, "energy": 0.051, "key": 9, "loudness": -26.909, "mode": 0, "speechiness": 0.0357, "acousticness": 0.977, "instrumentalness": 0.93, "liveness": 0.119, "valence": 0.147, "tempo": 117.813, "type": "audio_features", "id": "1Vmjxmi3fegOqij46tC4rS", "uri": "spotify:track:1Vmjxmi3fegOqij46tC4rS", "track_href": "https://api.spotify.com/v1/tracks/1Vmjxmi3fegOqij46tC4rS", "analysis_url": "https://api.spotify.com/v1/audio-analysis/1Vmjxmi3fegOqij46tC4rS", "duration_ms": 139158, "time_signature": 3}, {"danceability": 0.288, "energy": 0.126, "key": 5, "loudness": -21.044, "mode": 1, "speechiness": 0.0305, "acousticness": 0.986, "instrumentalness": 0.811, "liveness": 0.12, "valence": 0.179, "tempo": 66.294, "type": "audio_features", "id": "4xui9WfNYFy7DKZfFBzSQA", "uri": "spotify:track:4xui9WfNYFy7DKZfFBzSQA", "track_href": "https://api.spotify.com/v1/tracks/4xui9WfNYFy7DKZfFBzSQA", "analysis_url": "https://api.spotify.com/v1/audio-analysis/4xui9WfNYFy7DKZfFBzSQA", "duration_ms": 61613, "time_signature": 4}, {"danceability": 0.416, "energy": 0.0476, "key": 10, "loudness": -25.007, "mode": 1, "speechiness": 0.0375, "acousticness": 0.994, "instrumentalness": 0.899, "liveness": 0.107, "valence": 0.263, "tempo": 124.786, "type": "audio_features", "id": "1HWQ6l7Xu2U4bFYcZMs1y2", "uri": "spotify:track:1HWQ6l7Xu2U4bFYcZMs1y2", "track_href": "https://api.spotify.com/v1/tracks/1HWQ6l7Xu2U4bFYcZMs1y2", "analysis_url": "https://api.spotify.com/v1/audio-analysis/1HWQ6l7Xu2U4bFYcZMs1y2", "duration_ms": 98987, "time_signature": 4}, {"danceability": 0.439, "energy": 0.0809, "key": 11, "loudness": -19.044, "mode": 0, "speechiness": 0.0441, "acousticness": 0.99, "instrumentalness": 0.894, "liveness": 0.0977, "valence": 0.105, "tempo": 66.436, "type": "audio_features", "id": "2TmvHICqnsnC25Mc9vmssA", "uri": "spotify:track:2TmvHICqnsnC25Mc9vmssA", "track_href": "https://api.spotify.com/v1/tracks/2TmvHICqnsnC25Mc9vmssA", "analysis_url": "https://api.spotify.com/v1/audio-analysis/2TmvHICqnsnC25Mc9vmssA", "duration_ms": 151418, "time_signature": 4}, {"danceability": 0.372, "energy": 0.0506, "key": 3, "loudness": -22.288, "mode": 1, "speechiness": 0.0388, "acousticness": 0.97, "instrumentalness": 0.867, "liveness": 0.0897, "valence": 0.0589, "tempo": 138.256, "type": "audio_features", "id": "1sbWKyQsUCtzBlClQWs2Rl", "uri": "spotify:track:1sbWKyQsUCtzBlClQWs2Rl", "track_href": "https://api.spotify.com/v1/tracks/1sbWKyQsUCtzBlClQWs2Rl", "analysis_url": "https://api.spotify.com/v1/audio-analysis/1sbWKyQsUCtzBlClQWs2Rl", "duration_ms": 168603, "time_signature": 4}, {"danceability": 0.425, "energy": 0.124, "key": 4, "loudness": -19.731, "mode": 0, "speechiness": 0.0436, "acousticness": 0.991, "instrumentalness": 0.934, "liveness": 0.0858, "valence": 0.308, "tempo": 139.027, "type": "audio_features", "id": "1DOMGngtpVWJBCQpu2jOeP", "uri": "spotify:track:1DOMGngtpVWJBCQpu2jOeP", "track_href": "https://api.spotify.com/v1/tracks/1DOMGngtpVWJBCQpu2jOeP", "analysis_url": "https://api.spotify.com/v1/audio-analysis/1DOMGngtpVWJBCQpu2jOeP", "duration_ms": 181993, "time_signature": 3}, {"danceability": 0.285, "energy": 0.245, "key": 9, "loudness": -15.666, "mode": 0, "speechiness": 0.0349, "acousticness": 0.98, "instrumentalness": 0.891, "liveness": 0.0867, "valence": 0.0769, "tempo": 149.692, "type": "audio_features", "id": "5v7qqDPl9KRifoMV4GrLki", "uri": "spotify:track:5v7qqDPl9KRifoMV4GrLki", "track_href": "https://api.spotify.com/v1/tracks/5v7qqDPl9KRifoMV4GrLki", "analysis_url": "https://api.spotify.com/v1/audio-analysis/5v7qqDPl9KRifoMV4GrLki", "duration_ms": 123806, "time_signature": 1}, {"danceability": 0.263, "energy": 0.195, "key": 5, "loudness": -12.38, "mode": 1, "speechiness": 0.0492, "acousticness": 0.952, "instrumentalness": 0.741, "liveness": 0.104, "valence": 0.141, "tempo": 115.108, "type": "audio_features", "id": "4YRn97GplnlWGqq7ulMkI4", "uri": "spotify:track:4YRn97GplnlWGqq7ulMkI4", "track_href": "https://api.spotify.com/v1/tracks/4YRn97GplnlWGqq7ulMkI4", "analysis_url": "https://api.spotify.com/v1/audio-analysis/4YRn97GplnlWGqq7ulMkI4", "duration_ms": 124866, "time_signature": 4}, {"danceability": 0.376, "energy": 0.0207, "key": 3, "loudness": -35.713, "mode": 1, "speechiness": 0.0678, "acousticness": 0.993, "instrumentalness": 0.954, "liveness": 0.0938, "valence": 0.429, "tempo": 75.607, "type": "audio_features", "id": "5lm18pjbwdth6ENVllxjfl", "uri": "spotify:track:5lm18pjbwdth6ENVllxjfl", "track_href": "https://api.spotify.com/v1/tracks/5lm18pjbwdth6ENVllxjfl", "analysis_url": "https://api.spotify.com/v1/audio-analysis/5lm18pjbwdth6ENVllxjfl", "duration_ms": 71581, "time_signature": 1}, {"danceability": 0.366, "energy": 0.0766, "key": 3, "loudness": -23.466, "mode": 0, "speechiness": 0.0413, "acousticness": 0.943, "instrumentalness": 0.885, "liveness": 0.0965, "valence": 0.301, "tempo": 125.053, "type": "audio_features", "id": "3hY06M1nBEdmNku7NS9veT", "uri": "spotify:track:3hY06M1nBEdmNku7NS9veT", "track_href": "https://api.spotify.com/v1/tracks/3hY06M1nBEdmNku7NS9veT", "analysis_url": "https://api.spotify.com/v1/audio-analysis/3hY06M1nBEdmNku7NS9veT", "duration_ms": 131512, "time_signature": 4}, {"danceability": 0.396, "energy": 0.0559, "key": 9, "loudness": -20.707, "mode": 0, "speechiness": 0.0599, "acousticness": 0.987, "instrumentalness": 0.935, "liveness": 0.11, "valence": 0.278, "tempo": 95.217, "type": "audio_features", "id": "1yqM5O07lL7R6UAdK5jvrR", "uri": "spotify:track:1yqM5O07lL7R6UAdK5jvrR", "track_href": "https://api.spotify.com/v1/tracks/1yqM5O07lL7R6UAdK5jvrR", "analysis_url": "https://api.spotify.com/v1/audio-analysis/1yqM5O07lL7R6UAdK5jvrR", "duration_ms": 78413, "time_signature": 1}, {"danceability": 0, "energy": 0.00611, "key": 7, "loudness": -37.484, "mode": 1, "speechiness": 0, "acousticness": 0.923, "instrumentalness": 0.623, "liveness": 0.146, "valence": 0, "tempo": 0, "type": "audio_features", "id": "6LqtXBCcDe56Ywu9lIr3Xq", "uri": "spotify:track:6LqtXBCcDe56Ywu9lIr3Xq", "track_href": "https://api.spotify.com/v1/tracks/6LqtXBCcDe56Ywu9lIr3Xq", "analysis_url": "https://api.spotify.com/v1/audio-analysis/6LqtXBCcDe56Ywu9lIr3Xq", "duration_ms": 274000, "time_signature": 0}, {"danceability": 0.35, "energy": 0.0257, "key": 2, "loudness": -28.158, "mode": 0, "speechiness": 0.0387, "acousticness": 0.992, "instrumentalness": 0.915, "liveness": 0.074, "valence": 0.195, "tempo": 167.0, "type": "audio_features", "id": "6kRYAhxnUNHBRcucyW4a2W", "uri": "spotify:track:6kRYAhxnUNHBRcucyW4a2W", "track_href": "https://api.spotify.com/v1/tracks/6kRYAhxnUNHBRcucyW4a2W", "analysis_url": "https://api.spotify.com/v1/audio-analysis/6kRYAhxnUNHBRcucyW4a2W", "duration_ms": 104319, "time_signature": 4}, {"danceability": 0.231, "energy": 0.0765, "key": 4, "loudness": -25.736, "mode": 0, "speechiness": 0.0369, "acousticness": 0.983, "instrumentalness": 0.891, "liveness": 0.104, "valence": 0.0381, "tempo": 155.633, "type": "audio_features", "id": "7HT9HYzJlH08BxKZj25paa", "uri": "spotify:track:7HT9HYzJlH08BxKZj25paa", "track_href": "https://api.spotify.com/v1/tracks/7HT9HYzJlH08BxKZj25paa", "analysis_url": "https://api.spotify.com/v1/audio-analysis/7HT9HYzJlH08BxKZj25paa", "duration_ms": 121510, "time_signature": 3}, {"danceability": 0.252, "energy": 0.0875, "key": 9, "loudness": -24.711, "mode": 0, "speechiness": 0.0403, "acousticness": 0.989, "instrumentalness": 0.873, "liveness": 0.108, "valence": 0.126, "tempo": 135.774, "type": "audio_features", "id": "47DeTufpEGrePu6TaVEuoN", "uri": "spotify:track:47DeTufpEGrePu6TaVEuoN", "track_href": "https://api.spotify.com/v1/tracks/47DeTufpEGrePu6TaVEuoN", "analysis_url": "https://api.spotify.com/v1/audio-analysis/47DeTufpEGrePu6TaVEuoN", "duration_ms": 108969, "time_signature": 3}, {"danceability": 0.335, "energy": 0.252, "key": 7, "loudness": -11.347, "mode": 1, "speechiness": 0.0298, "acousticness": 0.95, "instrumentalness": 0.854, "liveness": 0.113, "valence": 0.285, "tempo": 138.579, "type": "audio_features", "id": "5UtFX7w2Hf0ky7GdJSogbu", "uri": "spotify:track:5UtFX7w2Hf0ky7GdJSogbu", "track_href": "https://api.spotify.com/v1/tracks/5UtFX7w2Hf0ky7GdJSogbu", "analysis_url": "https://api.spotify.com/v1/audio-analysis/5UtFX7w2Hf0ky7GdJSogbu", "duration_ms": 130841, "time_signature": 3}, {"danceability": 0.371, "energy": 0.0513, "key": 6, "loudness": -20.913, "mode": 0, "speechiness": 0.0411, "acousticness": 0.994, "instrumentalness": 0.944, "liveness": 0.102, "valence": 0.52, "tempo": 178.377, "type": "audio_features", "id": "4beOMe1MHvMmxduEIR07BN", "uri": "spotify:track:4beOMe1MHvMmxduEIR07BN", "track_href": "https://api.spotify.com/v1/tracks/4beOMe1MHvMmxduEIR07BN", "analysis_url": "https://api.spotify.com/v1/audio-analysis/4beOMe1MHvMmxduEIR07BN", "duration_ms": 119187, "time_signature": 4}, {"danceability": 0.49, "energy": 0.167, "key": 0, "loudness": -15.921, "mode": 0, "speechiness": 0.0505, "acousticness": 0.995, "instrumentalness": 0.942, "liveness": 0.196, "valence": 0.3, "tempo": 69.226, "type": "audio_features", "id": "523HDkNX0lmTR5liCObip8", "uri": "spotify:track:523HDkNX0lmTR5liCObip8", "track_href": "https://api.spotify.com/v1/tracks/523HDkNX0lmTR5liCObip8", "analysis_url": "https://api.spotify.com/v1/audio-analysis/523HDkNX0lmTR5liCObip8", "duration_ms": 219788, "time_signature": 4}, {"danceability": 0.459, "energy": 0.145, "key": 10, "loudness": -21.925, "mode": 0, "speechiness": 0.0449, "acousticness": 0.992, "instrumentalness": 0.842, "liveness": 0.586, "valence": 0.213, "tempo": 135.232, "type": "audio_features", "id": "2ww3unD4KNiipCafUrcutv", "uri": "spotify:track:2ww3unD4KNiipCafUrcutv", "track_href": "https://api.spotify.com/v1/tracks/2ww3unD4KNiipCafUrcutv", "analysis_url": "https://api.spotify.com/v1/audio-analysis/2ww3unD4KNiipCafUrcutv", "duration_ms": 134718, "time_signature": 3}, {"danceability": 0.364, "energy": 0.132, "key": 4, "loudness": -27.456, "mode": 1, "speechiness": 0.0401, "acousticness": 0.978, "instrumentalness": 0.937, "liveness": 0.0962, "valence": 0.248, "tempo": 99.066, "type": "audio_features", "id": "5srddkT0fork1UQaJ6Uhm3", "uri": "spotify:track:5srddkT0fork1UQaJ6Uhm3", "track_href": "https://api.spotify.com/v1/tracks/5srddkT0fork1UQaJ6Uhm3", "analysis_url": "https://api.spotify.com/v1/audio-analysis/5srddkT0fork1UQaJ6Uhm3", "duration_ms": 138793, "time_signature": 3}, {"danceability": 0.39, "energy": 0.0654, "key": 5, "loudness": -24.126, "mode": 0, "speechiness": 0.0451, "acousticness": 0.994, "instrumentalness": 0.946, "liveness": 0.113, "valence": 0.408, "tempo": 143.937, "type": "audio_features", "id": "2BjHMqJuPQOANNoButGV63", "uri": "spotify:track:2BjHMqJuPQOANNoButGV63", "track_href": "https://api.spotify.com/v1/tracks/2BjHMqJuPQOANNoButGV63", "analysis_url": "https://api.spotify.com/v1/audio-analysis/2BjHMqJuPQOANNoButGV63", "duration_ms": 154292, "time_signature": 4}, {"danceability": 0.405, "energy": 0.144, "key": 9, "loudness": -25.674, "mode": 0, "speechiness": 0.0496, "acousticness": 0.963, "instrumentalness": 0.641, "liveness": 0.0903, "valence": 0.516, "tempo": 44.039, "type": "audio_features", "id": "1TTPfIag9eQS5vdEmdMqY7", "uri": "spotify:track:1TTPfIag9eQS5vdEmdMqY7", "track_href": "https://api.spotify.com/v1/tracks/1TTPfIag9eQS5vdEmdMqY7", "analysis_url": "https://api.spotify.com/v1/audio-analysis/1TTPfIag9eQS5vdEmdMqY7", "duration_ms": 130568, "time_signature": 4}, {"danceability": 0.316, "energy": 0.122, "key": 1, "loudness": -17.978, "mode": 1, "speechiness": 0.0392, "acousticness": 0.935, "instrumentalness": 0.966, "liveness": 0.118, "valence": 0.121, "tempo": 70.354, "type": "audio_features", "id": "2pENgQ5sT4zyXN60J8O6Pb", "uri": "spotify:track:2pENgQ5sT4zyXN60J8O6Pb", "track_href": "https://api.spotify.com/v1/tracks/2pENgQ5sT4zyXN60J8O6Pb", "analysis_url": "https://api.spotify.com/v1/audio-analysis/2pENgQ5sT4zyXN60J8O6Pb", "duration_ms": 112483, "time_signature": 1}, {"danceability": 0.259, "energy": 0.0678, "key": 4, "loudness": -25.439, "mode": 0, "speechiness": 0.0456, "acousticness": 0.987, "instrumentalness": 0.889, "liveness": 0.117, "valence": 0.486, "tempo": 181.971, "type": "audio_features", "id": "1d90rfN1uJjxcV4dOYXq9d", "uri": "spotify:track:1d90rfN1uJjxcV4dOYXq9d", "track_href": "https://api.spotify.com/v1/tracks/1d90rfN1uJjxcV4dOYXq9d", "analysis_url": "https://api.spotify.com/v1/audio-analysis/1d90rfN1uJjxcV4dOYXq9d", "duration_ms": 122750, "time_signature": 4}, {"danceability": 0.296, "energy": 0.298, "key": 9, "loudness": -18.128, "mode": 0, "speechiness": 0.0461, "acousticness": 0.966, "instrumentalness": 0.937, "liveness": 0.111, "valence": 0.374, "tempo": 130.337, "type": "audio_features", "id": "7zGLBE2NV2LnSDmiIDfxoW", "uri": "spotify:track:7zGLBE2NV2LnSDmiIDfxoW", "track_href": "https://api.spotify.com/v1/tracks/7zGLBE2NV2LnSDmiIDfxoW", "analysis_url": "https://api.spotify.com/v1/audio-analysis/7zGLBE2NV2LnSDmiIDfxoW", "duration_ms": 175787, "time_signature": 4}, {"danceability": 0.333, "energy": 0.104, "key": 11, "loudness": -21.971, "mode": 0, "speechiness": 0.0418, "acousticness": 0.989, "instrumentalness": 0.934, "liveness": 0.113, "valence": 0.232, "tempo": 72.822, "type": "audio_features", "id": "1lm2uQ9w1nYtiQquStLFQ5", "uri": "spotify:track:1lm2uQ9w1nYtiQquStLFQ5", "track_href": "https://api.spotify.com/v1/tracks/1lm2uQ9w1nYtiQquStLFQ5", "analysis_url": "https://api.spotify.com/v1/audio-analysis/1lm2uQ9w1nYtiQquStLFQ5", "duration_ms": 112000, "time_signature": 3}, {"danceability": 0.272, "energy": 0.0586, "key": 11, "loudness": -26.823, "mode": 0, "speechiness": 0.0368, "acousticness": 0.993, "instrumentalness": 0.938, "liveness": 0.091, "valence": 0.232, "tempo": 127.952, "type": "audio_features", "id": "0WdjJguBWmw0cjzarkemC7", "uri": "spotify:track:0WdjJguBWmw0cjzarkemC7", "track_href": "https://api.spotify.com/v1/tracks/0WdjJguBWmw0cjzarkemC7", "analysis_url": "https://api.spotify.com/v1/audio-analysis/0WdjJguBWmw0cjzarkemC7", "duration_ms": 146000, "time_signature": 4}, {"danceability": 0.374, "energy": 0.0884, "key": 9, "loudness": -22.971, "mode": 1, "speechiness": 0.0374, "acousticness": 0.979, "instrumentalness": 0.913, "liveness": 0.158, "valence": 0.33, "tempo": 65.963, "type": "audio_features", "id": "08Ef02XCpy9KOx4TsMF94j", "uri": "spotify:track:08Ef02XCpy9KOx4TsMF94j", "track_href": "https://api.spotify.com/v1/tracks/08Ef02XCpy9KOx4TsMF94j", "analysis_url": "https://api.spotify.com/v1/audio-analysis/08Ef02XCpy9KOx4TsMF94j", "duration_ms": 75741, "time_signature": 5}, {"danceability": 0.279, "energy": 0.193, "key": 9, "loudness": -19.585, "mode": 0, "speechiness": 0.0467, "acousticness": 0.965, "instrumentalness": 0.928, "liveness": 0.101, "valence": 0.268, "tempo": 185.765, "type": "audio_features", "id": "15l6KICPZLtG4uIIp6CtQF", "uri": "spotify:track:15l6KICPZLtG4uIIp6CtQF", "track_href": "https://api.spotify.com/v1/tracks/15l6KICPZLtG4uIIp6CtQF", "analysis_url": "https://api.spotify.com/v1/audio-analysis/15l6KICPZLtG4uIIp6CtQF", "duration_ms": 150008, "time_signature": 3}, {"danceability": 0.478, "energy": 0.0227, "key": 4, "loudness": -25.48, "mode": 1, "speechiness": 0.0631, "acousticness": 0.994, "instrumentalness": 0.95, "liveness": 0.0821, "valence": 0.472, "tempo": 124.695, "type": "audio_features", "id": "0eSuFLQBYy7wjG1loM2nOc", "uri": "spotify:track:0eSuFLQBYy7wjG1loM2nOc", "track_href": "https://api.spotify.com/v1/tracks/0eSuFLQBYy7wjG1loM2nOc", "analysis_url": "https://api.spotify.com/v1/audio-analysis/0eSuFLQBYy7wjG1loM2nOc", "duration_ms": 134500, "time_signature": 4}, {"danceability": 0.351, "energy": 0.108, "key": 0, "loudness": -20.741, "mode": 0, "speechiness": 0.0364, "acousticness": 0.953, "instrumentalness": 0.93, "liveness": 0.214, "valence": 0.111, "tempo": 77.366, "type": "audio_features", "id": "3Iy8OJh7zBFN9dYWRbH53M", "uri": "spotify:track:3Iy8OJh7zBFN9dYWRbH53M", "track_href": "https://api.spotify.com/v1/tracks/3Iy8OJh7zBFN9dYWRbH53M", "analysis_url": "https://api.spotify.com/v1/audio-analysis/3Iy8OJh7zBFN9dYWRbH53M", "duration_ms": 176609, "time_signature": 4}, {"danceability": 0.279, "energy": 0.142, "key": 0, "loudness": -24.094, "mode": 1, "speechiness": 0.039, "acousticness": 0.987, "instrumentalness": 0.928, "liveness": 0.149, "valence": 0.352, "tempo": 82.621, "type": "audio_features", "id": "2m8N8dYO4wHQ4RMDxZhDfR", "uri": "spotify:track:2m8N8dYO4wHQ4RMDxZhDfR", "track_href": "https://api.spotify.com/v1/tracks/2m8N8dYO4wHQ4RMDxZhDfR", "analysis_url": "https://api.spotify.com/v1/audio-analysis/2m8N8dYO4wHQ4RMDxZhDfR", "duration_ms": 131077, "time_signature": 5}, {"danceability": 0.241, "energy": 0.0765, "key": 8, "loudness": -22.717, "mode": 1, "speechiness": 0.0419, "acousticness": 0.986, "instrumentalness": 0.166, "liveness": 0.15, "valence": 0.213, "tempo": 175.066, "type": "audio_features", "id": "6tTT7MCSjD037YfjUcQzI9", "uri": "spotify:track:6tTT7MCSjD037YfjUcQzI9", "track_href": "https://api.spotify.com/v1/tracks/6tTT7MCSjD037YfjUcQzI9", "analysis_url": "https://api.spotify.com/v1/audio-analysis/6tTT7MCSjD037YfjUcQzI9", "duration_ms": 148000, "time_signature": 3}, {"danceability": 0.188, "energy": 0.132, "key": 9, "loudness": -23.367, "mode": 0, "speechiness": 0.0379, "acousticness": 0.97, "instrumentalness": 0.877, "liveness": 0.098, "valence": 0.0674, "tempo": 149.697, "type": "audio_features", "id": "4fQNeRnxX44l1JCe8dyGx3", "uri": "spotify:track:4fQNeRnxX44l1JCe8dyGx3", "track_href": "https://api.spotify.com/v1/tracks/4fQNeRnxX44l1JCe8dyGx3", "analysis_url": "https://api.spotify.com/v1/audio-analysis/4fQNeRnxX44l1JCe8dyGx3", "duration_ms": 144238, "time_signature": 4}, {"danceability": 0.352, "energy": 0.0372, "key": 10, "loudness": -23.963, "mode": 1, "speechiness": 0.0524, "acousticness": 0.992, "instrumentalness": 0.951, "liveness": 0.113, "valence": 0.154, "tempo": 132.388, "type": "audio_features", "id": "27gAyyTIm5b8V0puTWt3jC", "uri": "spotify:track:27gAyyTIm5b8V0puTWt3jC", "track_href": "https://api.spotify.com/v1/tracks/27gAyyTIm5b8V0puTWt3jC", "analysis_url": "https://api.spotify.com/v1/audio-analysis/27gAyyTIm5b8V0puTWt3jC", "duration_ms": 162750, "time_signature": 4}, {"danceability": 0.329, "energy": 0.0236, "key": 4, "loudness": -27.172, "mode": 0, "speechiness": 0.0382, "acousticness": 0.991, "instrumentalness": 0.902, "liveness": 0.112, "valence": 0.0663, "tempo": 65.108, "type": "audio_features", "id": "3OS5ZxO0ds0CttFQJnbVyt", "uri": "spotify:track:3OS5ZxO0ds0CttFQJnbVyt", "track_href": "https://api.spotify.com/v1/tracks/3OS5ZxO0ds0CttFQJnbVyt", "analysis_url": "https://api.spotify.com/v1/audio-analysis/3OS5ZxO0ds0CttFQJnbVyt", "duration_ms": 127692, "time_signature": 5}, {"danceability": 0.476, "energy": 0.0257, "key": 6, "loudness": -26.491, "mode": 0, "speechiness": 0.0424, "acousticness": 0.996, "instrumentalness": 0.97, "liveness": 0.1, "valence": 0.31, "tempo": 107.606, "type": "audio_features", "id": "23X6pRp4NxE30j0bpP7uZm", "uri": "spotify:track:23X6pRp4NxE30j0bpP7uZm", "track_href": "https://api.spotify.com/v1/tracks/23X6pRp4NxE30j0bpP7uZm", "analysis_url": "https://api.spotify.com/v1/audio-analysis/23X6pRp4NxE30j0bpP7uZm", "duration_ms": 136000, "time_signature": 1}, {"danceability": 0.337, "energy": 0.102, "key": 0, "loudness": -25.244, "mode": 1, "speechiness": 0.0411, "acousticness": 0.951, "instrumentalness": 0.938, "liveness": 0.105, "valence": 0.104, "tempo": 80.676, "type": "audio_features", "id": "1DhuRvICtMkuwrB4HBLbTN", "uri": "spotify:track:1DhuRvICtMkuwrB4HBLbTN", "track_href": "https://api.spotify.com/v1/tracks/1DhuRvICtMkuwrB4HBLbTN", "analysis_url": "https://api.spotify.com/v1/audio-analysis/1DhuRvICtMkuwrB4HBLbTN", "duration_ms": 107987, "time_signature": 4}, {"danceability": 0.148, "energy": 0.172, "key": 6, "loudness": -17.603, "mode": 0, "speechiness": 0.0436, "acousticness": 0.93, "instrumentalness": 0.893, "liveness": 0.111, "valence": 0.0574, "tempo": 140.403, "type": "audio_features", "id": "5qqZmbU6ByqVgnnvLUczmn", "uri": "spotify:track:5qqZmbU6ByqVgnnvLUczmn", "track_href": "https://api.spotify.com/v1/tracks/5qqZmbU6ByqVgnnvLUczmn", "analysis_url": "https://api.spotify.com/v1/audio-analysis/5qqZmbU6ByqVgnnvLUczmn", "duration_ms": 262288, "time_signature": 3}, {"danceability": 0.409, "energy": 0.0694, "key": 4, "loudness": -23.972, "mode": 0, "speechiness": 0.0367, "acousticness": 0.991, "instrumentalness": 0.916, "liveness": 0.117, "valence": 0.081, "tempo": 66.474, "type": "audio_features", "id": "5QxhSrb1xhsdczawFMdAVK", "uri": "spotify:track:5QxhSrb1xhsdczawFMdAVK", "track_href": "https://api.spotify.com/v1/tracks/5QxhSrb1xhsdczawFMdAVK", "analysis_url": "https://api.spotify.com/v1/audio-analysis/5QxhSrb1xhsdczawFMdAVK", "duration_ms": 101550, "time_signature": 3}, {"danceability": 0.336, "energy": 0.141, "key": 1, "loudness": -19.647, "mode": 1, "speechiness": 0.0397, "acousticness": 0.99, "instrumentalness": 0.924, "liveness": 0.102, "valence": 0.0907, "tempo": 152.549, "type": "audio_features", "id": "6477z6dyyVOnZeVwtdTROz", "uri": "spotify:track:6477z6dyyVOnZeVwtdTROz", "track_href": "https://api.spotify.com/v1/tracks/6477z6dyyVOnZeVwtdTROz", "analysis_url": "https://api.spotify.com/v1/audio-analysis/6477z6dyyVOnZeVwtdTROz", "duration_ms": 148670, "time_signature": 4}, {"danceability": 0.296, "energy": 0.0166, "key": 2, "loudness": -27.888, "mode": 0, "speechiness": 0.0463, "acousticness": 0.994, "instrumentalness": 0.921, "liveness": 0.109, "valence": 0.249, "tempo": 108.214, "type": "audio_features", "id": "3WyhfSaLxw0Mvm4KR4juGc", "uri": "spotify:track:3WyhfSaLxw0Mvm4KR4juGc", "track_href": "https://api.spotify.com/v1/tracks/3WyhfSaLxw0Mvm4KR4juGc", "analysis_url": "https://api.spotify.com/v1/audio-analysis/3WyhfSaLxw0Mvm4KR4juGc", "duration_ms": 124138, "time_signature": 4}, {"danceability": 0.413, "energy": 0.0833, "key": 0, "loudness": -23.395, "mode": 0, "speechiness": 0.0434, "acousticness": 0.983, "instrumentalness": 0.956, "liveness": 0.0926, "valence": 0.0757, "tempo": 86.534, "type": "audio_features", "id": "4nzcYYf2nSrNNz6ZPBtK1r", "uri": "spotify:track:4nzcYYf2nSrNNz6ZPBtK1r", "track_href": "https://api.spotify.com/v1/tracks/4nzcYYf2nSrNNz6ZPBtK1r", "analysis_url": "https://api.spotify.com/v1/audio-analysis/4nzcYYf2nSrNNz6ZPBtK1r", "duration_ms": 147750, "time_signature": 4}, {"danceability": 0.217, "energy": 0.097, "key": 2, "loudness": -16.103, "mode": 1, "speechiness": 0.0437, "acousticness": 0.987, "instrumentalness": 0.505, "liveness": 0.106, "valence": 0.264, "tempo": 74.916, "type": "audio_features", "id": "6ANyhkkvg03h1mklwJj8ML", "uri": "spotify:track:6ANyhkkvg03h1mklwJj8ML", "track_href": "https://api.spotify.com/v1/tracks/6ANyhkkvg03h1mklwJj8ML", "analysis_url": "https://api.spotify.com/v1/audio-analysis/6ANyhkkvg03h1mklwJj8ML", "duration_ms": 200489, "time_signature": 4}, {"danceability": 0.438, "energy": 0.0736, "key": 0, "loudness": -19.903, "mode": 1, "speechiness": 0.0682, "acousticness": 0.99, "instrumentalness": 0.937, "liveness": 0.0858, "valence": 0.194, "tempo": 91.186, "type": "audio_features", "id": "7tYKHmXkz7CHgc4UNLCMNX", "uri": "spotify:track:7tYKHmXkz7CHgc4UNLCMNX", "track_href": "https://api.spotify.com/v1/tracks/7tYKHmXkz7CHgc4UNLCMNX", "analysis_url": "https://api.spotify.com/v1/audio-analysis/7tYKHmXkz7CHgc4UNLCMNX", "duration_ms": 101571, "time_signature": 5}, {"danceability": 0.231, "energy": 0.109, "key": 2, "loudness": -19.155, "mode": 0, "speechiness": 0.0348, "acousticness": 0.973, "instrumentalness": 0.911, "liveness": 0.117, "valence": 0.106, "tempo": 145.979, "type": "audio_features", "id": "0XENsLmBZmxRGwuIXYn3DD", "uri": "spotify:track:0XENsLmBZmxRGwuIXYn3DD", "track_href": "https://api.spotify.com/v1/tracks/0XENsLmBZmxRGwuIXYn3DD", "analysis_url": "https://api.spotify.com/v1/audio-analysis/0XENsLmBZmxRGwuIXYn3DD", "duration_ms": 127451, "time_signature": 4}, {"danceability": 0.411, "energy": 0.0499, "key": 0, "loudness": -28.056, "mode": 0, "speechiness": 0.0365, "acousticness": 0.995, "instrumentalness": 0.939, "liveness": 0.112, "valence": 0.25, "tempo": 141.144, "type": "audio_features", "id": "6IJ5eCQNpXifW7OqRK9pQc", "uri": "spotify:track:6IJ5eCQNpXifW7OqRK9pQc", "track_href": "https://api.spotify.com/v1/tracks/6IJ5eCQNpXifW7OqRK9pQc", "analysis_url": "https://api.spotify.com/v1/audio-analysis/6IJ5eCQNpXifW7OqRK9pQc", "duration_ms": 121308, "time_signature": 3}, {"danceability": 0.377, "energy": 0.0956, "key": 0, "loudness": -21.217, "mode": 1, "speechiness": 0.0364, "acousticness": 0.958, "instrumentalness": 0.905, "liveness": 0.109, "valence": 0.0879, "tempo": 92.14, "type": "audio_features", "id": "51lnQMAezRcK6Mymei7rxv", "uri": "spotify:track:51lnQMAezRcK6Mymei7rxv", "track_href": "https://api.spotify.com/v1/tracks/51lnQMAezRcK6Mymei7rxv", "analysis_url": "https://api.spotify.com/v1/audio-analysis/51lnQMAezRcK6Mymei7rxv", "duration_ms": 123500, "time_signature": 3}, {"danceability": 0.152, "energy": 0.147, "key": 2, "loudness": -18.179, "mode": 0, "speechiness": 0.0379, "acousticness": 0.907, "instrumentalness": 0.846, "liveness": 0.111, "valence": 0.13, "tempo": 91.912, "type": "audio_features", "id": "4X1mRlaOkp52lLBBBBhi1Z", "uri": "spotify:track:4X1mRlaOkp52lLBBBBhi1Z", "track_href": "https://api.spotify.com/v1/tracks/4X1mRlaOkp52lLBBBBhi1Z", "analysis_url": "https://api.spotify.com/v1/audio-analysis/4X1mRlaOkp52lLBBBBhi1Z", "duration_ms": 145310, "time_signature": 4}, {"danceability": 0.359, "energy": 0.0441, "key": 6, "loudness": -23.077, "mode": 0, "speechiness": 0.0386, "acousticness": 0.99, "instrumentalness": 0.946, "liveness": 0.102, "valence": 0.0968, "tempo": 85.633, "type": "audio_features", "id": "3ZeJDIy12vRm1QGEoyJgEN", "uri": "spotify:track:3ZeJDIy12vRm1QGEoyJgEN", "track_href": "https://api.spotify.com/v1/tracks/3ZeJDIy12vRm1QGEoyJgEN", "analysis_url": "https://api.spotify.com/v1/audio-analysis/3ZeJDIy12vRm1QGEoyJgEN", "duration_ms": 196000, "time_signature": 4}, {"danceability": 0.146, "energy": 0.219, "key": 0, "loudness": -12.295, "mode": 1, "speechiness": 0.0497, "acousticness": 0.987, "instrumentalness": 0.742, "liveness": 0.0933, "valence": 0.0888, "tempo": 171.184, "type": "audio_features", "id": "3l72m0bsuOHNVbpyno2N3u", "uri": "spotify:track:3l72m0bsuOHNVbpyno2N3u", "track_href": "https://api.spotify.com/v1/tracks/3l72m0bsuOHNVbpyno2N3u", "analysis_url": "https://api.spotify.com/v1/audio-analysis/3l72m0bsuOHNVbpyno2N3u", "duration_ms": 121902, "time_signature": 1}, {"danceability": 0.432, "energy": 0.0566, "key": 7, "loudness": -18.447, "mode": 1, "speechiness": 0.0452, "acousticness": 0.985, "instrumentalness": 0.952, "liveness": 0.0871, "valence": 0.177, "tempo": 125.445, "type": "audio_features", "id": "1r8AzXTgZhzwzEKyqPw0li", "uri": "spotify:track:1r8AzXTgZhzwzEKyqPw0li", "track_href": "https://api.spotify.com/v1/tracks/1r8AzXTgZhzwzEKyqPw0li", "analysis_url": "https://api.spotify.com/v1/audio-analysis/1r8AzXTgZhzwzEKyqPw0li", "duration_ms": 165180, "time_signature": 3}, {"danceability": 0.269, "energy": 0.0858, "key": 3, "loudness": -22.332, "mode": 1, "speechiness": 0.0376, "acousticness": 0.995, "instrumentalness": 0.937, "liveness": 0.122, "valence": 0.0936, "tempo": 70.193, "type": "audio_features", "id": "2AL0OJcIWBbWhgPVXmvAuf", "uri": "spotify:track:2AL0OJcIWBbWhgPVXmvAuf", "track_href": "https://api.spotify.com/v1/tracks/2AL0OJcIWBbWhgPVXmvAuf", "analysis_url": "https://api.spotify.com/v1/audio-analysis/2AL0OJcIWBbWhgPVXmvAuf", "duration_ms": 250000, "time_signature": 4}, {"danceability": 0.241, "energy": 0.0622, "key": 0, "loudness": -22.188, "mode": 0, "speechiness": 0.0448, "acousticness": 0.954, "instrumentalness": 0.951, "liveness": 0.115, "valence": 0.197, "tempo": 206.381, "type": "audio_features", "id": "0Ebq56frPB9cYPxbXwzgBm", "uri": "spotify:track:0Ebq56frPB9cYPxbXwzgBm", "track_href": "https://api.spotify.com/v1/tracks/0Ebq56frPB9cYPxbXwzgBm", "analysis_url": "https://api.spotify.com/v1/audio-analysis/0Ebq56frPB9cYPxbXwzgBm", "duration_ms": 141052, "time_signature": 3}, {"danceability": 0.413, "energy": 0.00314, "key": 9, "loudness": -31.21, "mode": 0, "speechiness": 0.0757, "acousticness": 0.996, "instrumentalness": 0.941, "liveness": 0.138, "valence": 0.0846, "tempo": 78.752, "type": "audio_features", "id": "0UlDCwmBOeKiWn0sqUFxSY", "uri": "spotify:track:0UlDCwmBOeKiWn0sqUFxSY", "track_href": "https://api.spotify.com/v1/tracks/0UlDCwmBOeKiWn0sqUFxSY", "analysis_url": "https://api.spotify.com/v1/audio-analysis/0UlDCwmBOeKiWn0sqUFxSY", "duration_ms": 102745, "time_signature": 4}, {"danceability": 0.263, "energy": 0.0433, "key": 11, "loudness": -24.204, "mode": 0, "speechiness": 0.0383, "acousticness": 0.993, "instrumentalness": 0.959, "liveness": 0.101, "valence": 0.0989, "tempo": 89.534, "type": "audio_features", "id": "516xX9sziNvN0izq1SEFHH", "uri": "spotify:track:516xX9sziNvN0izq1SEFHH", "track_href": "https://api.spotify.com/v1/tracks/516xX9sziNvN0izq1SEFHH", "analysis_url": "https://api.spotify.com/v1/audio-analysis/516xX9sziNvN0izq1SEFHH", "duration_ms": 155000, "time_signature": 1}, {"danceability": 0.311, "energy": 0.042, "key": 3, "loudness": -29.02, "mode": 1, "speechiness": 0.036, "acousticness": 0.992, "instrumentalness": 0.867, "liveness": 0.125, "valence": 0.0858, "tempo": 139.276, "type": "audio_features", "id": "5WqBtzbPXgulLiOR1jNcYC", "uri": "spotify:track:5WqBtzbPXgulLiOR1jNcYC", "track_href": "https://api.spotify.com/v1/tracks/5WqBtzbPXgulLiOR1jNcYC", "analysis_url": "https://api.spotify.com/v1/audio-analysis/5WqBtzbPXgulLiOR1jNcYC", "duration_ms": 188846, "time_signature": 3}, {"danceability": 0.414, "energy": 0.0771, "key": 3, "loudness": -25.159, "mode": 1, "speechiness": 0.0438, "acousticness": 0.986, "instrumentalness": 0.909, "liveness": 0.112, "valence": 0.254, "tempo": 66.049, "type": "audio_features", "id": "3o0JiKMZFGghuFxu92QITO", "uri": "spotify:track:3o0JiKMZFGghuFxu92QITO", "track_href": "https://api.spotify.com/v1/tracks/3o0JiKMZFGghuFxu92QITO", "analysis_url": "https://api.spotify.com/v1/audio-analysis/3o0JiKMZFGghuFxu92QITO", "duration_ms": 179187, "time_signature": 4}, {"danceability": 0.203, "energy": 0.157, "key": 7, "loudness": -14.629, "mode": 1, "speechiness": 0.0391, "acousticness": 0.977, "instrumentalness": 0.84, "liveness": 0.138, "valence": 0.0461, "tempo": 55.398, "type": "audio_features", "id": "6sEb2c9uWfRTHOhp1zTuly", "uri": "spotify:track:6sEb2c9uWfRTHOhp1zTuly", "track_href": "https://api.spotify.com/v1/tracks/6sEb2c9uWfRTHOhp1zTuly", "analysis_url": "https://api.spotify.com/v1/audio-analysis/6sEb2c9uWfRTHOhp1zTuly", "duration_ms": 82746, "time_signature": 3}, {"danceability": 0.197, "energy": 0.0263, "key": 0, "loudness": -24.422, "mode": 1, "speechiness": 0.0515, "acousticness": 0.994, "instrumentalness": 0.91, "liveness": 0.0972, "valence": 0.0461, "tempo": 80.283, "type": "audio_features", "id": "0QzqIkPMMoPkKsXEd0kFq0", "uri": "spotify:track:0QzqIkPMMoPkKsXEd0kFq0", "track_href": "https://api.spotify.com/v1/tracks/0QzqIkPMMoPkKsXEd0kFq0", "analysis_url": "https://api.spotify.com/v1/audio-analysis/0QzqIkPMMoPkKsXEd0kFq0", "duration_ms": 107931, "time_signature": 1}, {"danceability": 0.238, "energy": 0.135, "key": 7, "loudness": -18.825, "mode": 1, "speechiness": 0.0383, "acousticness": 0.983, "instrumentalness": 0.899, "liveness": 0.122, "valence": 0.366, "tempo": 123.904, "type": "audio_features", "id": "2FQXzQ1QFnVMYqtubIPcdH", "uri": "spotify:track:2FQXzQ1QFnVMYqtubIPcdH", "track_href": "https://api.spotify.com/v1/tracks/2FQXzQ1QFnVMYqtubIPcdH", "analysis_url": "https://api.spotify.com/v1/audio-analysis/2FQXzQ1QFnVMYqtubIPcdH", "duration_ms": 170889, "time_signature": 4}, {"danceability": 0.346, "energy": 0.0473, "key": 2, "loudness": -23.621, "mode": 1, "speechiness": 0.0415, "acousticness": 0.992, "instrumentalness": 0.933, "liveness": 0.0909, "valence": 0.267, "tempo": 130.507, "type": "audio_features", "id": "3BnSrmrPGPhVRqFDq6wNpj", "uri": "spotify:track:3BnSrmrPGPhVRqFDq6wNpj", "track_href": "https://api.spotify.com/v1/tracks/3BnSrmrPGPhVRqFDq6wNpj", "analysis_url": "https://api.spotify.com/v1/audio-analysis/3BnSrmrPGPhVRqFDq6wNpj", "duration_ms": 152414, "time_signature": 4}, {"danceability": 0.548, "energy": 0.0244, "key": 7, "loudness": -26.523, "mode": 0, "speechiness": 0.0377, "acousticness": 0.995, "instrumentalness": 0.938, "liveness": 0.122, "valence": 0.447, "tempo": 98.785, "type": "audio_features", "id": "0G9xsV3CwBQVMiNFauBTP3", "uri": "spotify:track:0G9xsV3CwBQVMiNFauBTP3", "track_href": "https://api.spotify.com/v1/tracks/0G9xsV3CwBQVMiNFauBTP3", "analysis_url": "https://api.spotify.com/v1/audio-analysis/0G9xsV3CwBQVMiNFauBTP3", "duration_ms": 117857, "time_signature": 4}, {"danceability": 0.326, "energy": 0.0459, "key": 11, "loudness": -31.134, "mode": 1, "speechiness": 0.0478, "acousticness": 0.994, "instrumentalness": 0.884, "liveness": 0.117, "valence": 0.12, "tempo": 123.901, "type": "audio_features", "id": "7s8SWfmyYsY4UVInPs1xFB", "uri": "spotify:track:7s8SWfmyYsY4UVInPs1xFB", "track_href": "https://api.spotify.com/v1/tracks/7s8SWfmyYsY4UVInPs1xFB", "analysis_url": "https://api.spotify.com/v1/audio-analysis/7s8SWfmyYsY4UVInPs1xFB", "duration_ms": 155478, "time_signature": 4}, {"danceability": 0.0785, "energy": 0.179, "key": 0, "loudness": -15.579, "mode": 0, "speechiness": 0.0391, "acousticness": 0.891, "instrumentalness": 0.647, "liveness": 0.121, "valence": 0.0406, "tempo": 81.341, "type": "audio_features", "id": "35DcR5ZEc5EHtoFOvkGjRb", "uri": "spotify:track:35DcR5ZEc5EHtoFOvkGjRb", "track_href": "https://api.spotify.com/v1/tracks/35DcR5ZEc5EHtoFOvkGjRb", "analysis_url": "https://api.spotify.com/v1/audio-analysis/35DcR5ZEc5EHtoFOvkGjRb", "duration_ms": 177665, "time_signature": 3}, {"danceability": 0.318, "energy": 0.238, "key": 10, "loudness": -12.06, "mode": 1, "speechiness": 0.0375, "acousticness": 0.795, "instrumentalness": 0.922, "liveness": 0.104, "valence": 0.187, "tempo": 70.002, "type": "audio_features", "id": "3AoUriStXyH4pFNDPCFWnS", "uri": "spotify:track:3AoUriStXyH4pFNDPCFWnS", "track_href": "https://api.spotify.com/v1/tracks/3AoUriStXyH4pFNDPCFWnS", "analysis_url": "https://api.spotify.com/v1/audio-analysis/3AoUriStXyH4pFNDPCFWnS", "duration_ms": 255545, "time_signature": 4}, {"danceability": 0.386, "energy": 0.0404, "key": 10, "loudness": -25.686, "mode": 1, "speechiness": 0.0399, "acousticness": 0.994, "instrumentalness": 0.952, "liveness": 0.13, "valence": 0.0707, "tempo": 59.86, "type": "audio_features", "id": "2wQ2D2RgJSeWcioM2QfKNb", "uri": "spotify:track:2wQ2D2RgJSeWcioM2QfKNb", "track_href": "https://api.spotify.com/v1/tracks/2wQ2D2RgJSeWcioM2QfKNb", "analysis_url": "https://api.spotify.com/v1/audio-analysis/2wQ2D2RgJSeWcioM2QfKNb", "duration_ms": 125517, "time_signature": 4}, {"danceability": 0.351, "energy": 0.0598, "key": 4, "loudness": -25.992, "mode": 0, "speechiness": 0.0388, "acousticness": 0.979, "instrumentalness": 0.936, "liveness": 0.103, "valence": 0.247, "tempo": 59.451, "type": "audio_features", "id": "4GxKtMirur0a2rfjSyFBel", "uri": "spotify:track:4GxKtMirur0a2rfjSyFBel", "track_href": "https://api.spotify.com/v1/tracks/4GxKtMirur0a2rfjSyFBel", "analysis_url": "https://api.spotify.com/v1/audio-analysis/4GxKtMirur0a2rfjSyFBel", "duration_ms": 96000, "time_signature": 4}, {"danceability": 0.362, "energy": 0.0494, "key": 0, "loudness": -22.392, "mode": 0, "speechiness": 0.0371, "acousticness": 0.969, "instrumentalness": 0.917, "liveness": 0.0947, "valence": 0.0379, "tempo": 75.755, "type": "audio_features", "id": "3tS0vR3aViVm5nZ9dGnAVg", "uri": "spotify:track:3tS0vR3aViVm5nZ9dGnAVg", "track_href": "https://api.spotify.com/v1/tracks/3tS0vR3aViVm5nZ9dGnAVg", "analysis_url": "https://api.spotify.com/v1/audio-analysis/3tS0vR3aViVm5nZ9dGnAVg", "duration_ms": 176410, "time_signature": 3}, {"danceability": 0.444, "energy": 0.00861, "key": 2, "loudness": -34.876, "mode": 1, "speechiness": 0.0372, "acousticness": 0.987, "instrumentalness": 0.92, "liveness": 0.0876, "valence": 0.0386, "tempo": 76.056, "type": "audio_features", "id": "2v5ODH4KIuy0lzpww1xNbH", "uri": "spotify:track:2v5ODH4KIuy0lzpww1xNbH", "track_href": "https://api.spotify.com/v1/tracks/2v5ODH4KIuy0lzpww1xNbH", "analysis_url": "https://api.spotify.com/v1/audio-analysis/2v5ODH4KIuy0lzpww1xNbH", "duration_ms": 224917, "time_signature": 3}, {"danceability": 0.551, "energy": 0.0644, "key": 2, "loudness": -26.605, "mode": 0, "speechiness": 0.0405, "acousticness": 0.995, "instrumentalness": 0.933, "liveness": 0.103, "valence": 0.48, "tempo": 80.046, "type": "audio_features", "id": "64LD7wpIzt8J8zhm80ekbX", "uri": "spotify:track:64LD7wpIzt8J8zhm80ekbX", "track_href": "https://api.spotify.com/v1/tracks/64LD7wpIzt8J8zhm80ekbX", "analysis_url": "https://api.spotify.com/v1/audio-analysis/64LD7wpIzt8J8zhm80ekbX", "duration_ms": 98662, "time_signature": 4}, {"danceability": 0.131, "energy": 0.0766, "key": 2, "loudness": -18.947, "mode": 1, "speechiness": 0.0404, "acousticness": 0.981, "instrumentalness": 0.77, "liveness": 0.133, "valence": 0.0944, "tempo": 169.223, "type": "audio_features", "id": "2yf00DQ7HwxKhHwYmNYg2y", "uri": "spotify:track:2yf00DQ7HwxKhHwYmNYg2y", "track_href": "https://api.spotify.com/v1/tracks/2yf00DQ7HwxKhHwYmNYg2y", "analysis_url": "https://api.spotify.com/v1/audio-analysis/2yf00DQ7HwxKhHwYmNYg2y", "duration_ms": 106549, "time_signature": 4}, {"danceability": 0.148, "energy": 0.0104, "key": 2, "loudness": -28.796, "mode": 0, "speechiness": 0.0385, "acousticness": 0.989, "instrumentalness": 0.829, "liveness": 0.0924, "valence": 0.0836, "tempo": 82.451, "type": "audio_features", "id": "3nqSyYLBz0hEVNGC6Az6Ki", "uri": "spotify:track:3nqSyYLBz0hEVNGC6Az6Ki", "track_href": "https://api.spotify.com/v1/tracks/3nqSyYLBz0hEVNGC6Az6Ki", "analysis_url": "https://api.spotify.com/v1/audio-analysis/3nqSyYLBz0hEVNGC6Az6Ki", "duration_ms": 146716, "time_signature": 4}, {"danceability": 0.119, "energy": 0.0639, "key": 3, "loudness": -23.874, "mode": 0, "speechiness": 0.035, "acousticness": 0.967, "instrumentalness": 0.905, "liveness": 0.152, "valence": 0.0783, "tempo": 171.586, "type": "audio_features", "id": "5ZDrXPNVOqjhRKLzz0yJYQ", "uri": "spotify:track:5ZDrXPNVOqjhRKLzz0yJYQ", "track_href": "https://api.spotify.com/v1/tracks/5ZDrXPNVOqjhRKLzz0yJYQ", "analysis_url": "https://api.spotify.com/v1/audio-analysis/5ZDrXPNVOqjhRKLzz0yJYQ", "duration_ms": 275811, "time_signature": 3}, {"danceability": 0.369, "energy": 0.0237, "key": 7, "loudness": -27.154, "mode": 1, "speechiness": 0.0386, "acousticness": 0.993, "instrumentalness": 0.932, "liveness": 0.106, "valence": 0.197, "tempo": 69.783, "type": "audio_features", "id": "0QGzN0qHA8fwVJwYLZdl6n", "uri": "spotify:track:0QGzN0qHA8fwVJwYLZdl6n", "track_href": "https://api.spotify.com/v1/tracks/0QGzN0qHA8fwVJwYLZdl6n", "analysis_url": "https://api.spotify.com/v1/audio-analysis/0QGzN0qHA8fwVJwYLZdl6n", "duration_ms": 121034, "time_signature": 3}, {"danceability": 0.391, "energy": 0.0799, "key": 7, "loudness": -22.753, "mode": 0, "speechiness": 0.0392, "acousticness": 0.986, "instrumentalness": 0.913, "liveness": 0.102, "valence": 0.266, "tempo": 142.193, "type": "audio_features", "id": "75Tc48G5lnfP8wgvYXk9ak", "uri": "spotify:track:75Tc48G5lnfP8wgvYXk9ak", "track_href": "https://api.spotify.com/v1/tracks/75Tc48G5lnfP8wgvYXk9ak", "analysis_url": "https://api.spotify.com/v1/audio-analysis/75Tc48G5lnfP8wgvYXk9ak", "duration_ms": 160053, "time_signature": 3}, {"danceability": 0.159, "energy": 0.211, "key": 2, "loudness": -17.716, "mode": 0, "speechiness": 0.035, "acousticness": 0.967, "instrumentalness": 0.96, "liveness": 0.108, "valence": 0.193, "tempo": 149.957, "type": "audio_features", "id": "4y9njjU1UiFXwtmoacCsD4", "uri": "spotify:track:4y9njjU1UiFXwtmoacCsD4", "track_href": "https://api.spotify.com/v1/tracks/4y9njjU1UiFXwtmoacCsD4", "analysis_url": "https://api.spotify.com/v1/audio-analysis/4y9njjU1UiFXwtmoacCsD4", "duration_ms": 159760, "time_signature": 4}, {"danceability": 0.62, "energy": 0.039, "key": 9, "loudness": -29.829, "mode": 0, "speechiness": 0.0492, "acousticness": 0.994, "instrumentalness": 0.937, "liveness": 0.0917, "valence": 0.214, "tempo": 117.05, "type": "audio_features", "id": "5iwnqJNEJofhwcSrrqDe7L", "uri": "spotify:track:5iwnqJNEJofhwcSrrqDe7L", "track_href": "https://api.spotify.com/v1/tracks/5iwnqJNEJofhwcSrrqDe7L", "analysis_url": "https://api.spotify.com/v1/audio-analysis/5iwnqJNEJofhwcSrrqDe7L", "duration_ms": 172608, "time_signature": 4}, {"danceability": 0.414, "energy": 0.102, "key": 9, "loudness": -20.685, "mode": 0, "speechiness": 0.0452, "acousticness": 0.991, "instrumentalness": 0.9, "liveness": 0.114, "valence": 0.194, "tempo": 124.646, "type": "audio_features", "id": "4zqjlZEGUcXZZnkkSFjHKl", "uri": "spotify:track:4zqjlZEGUcXZZnkkSFjHKl", "track_href": "https://api.spotify.com/v1/tracks/4zqjlZEGUcXZZnkkSFjHKl", "analysis_url": "https://api.spotify.com/v1/audio-analysis/4zqjlZEGUcXZZnkkSFjHKl", "duration_ms": 99770, "time_signature": 3}, {"danceability": 0.539, "energy": 0.022, "key": 3, "loudness": -24.649, "mode": 0, "speechiness": 0.0756, "acousticness": 0.989, "instrumentalness": 0.962, "liveness": 0.119, "valence": 0.165, "tempo": 65.515, "type": "audio_features", "id": "4aKOUnq9cwPARkGZufHLdz", "uri": "spotify:track:4aKOUnq9cwPARkGZufHLdz", "track_href": "https://api.spotify.com/v1/tracks/4aKOUnq9cwPARkGZufHLdz", "analysis_url": "https://api.spotify.com/v1/audio-analysis/4aKOUnq9cwPARkGZufHLdz", "duration_ms": 87330, "time_signature": 4}, {"danceability": 0.301, "energy": 0.046, "key": 6, "loudness": -27.28, "mode": 0, "speechiness": 0.0445, "acousticness": 0.979, "instrumentalness": 0.922, "liveness": 0.107, "valence": 0.0913, "tempo": 146.979, "type": "audio_features", "id": "06cVYxzl6FxFeb9KrJgCqW", "uri": "spotify:track:06cVYxzl6FxFeb9KrJgCqW", "track_href": "https://api.spotify.com/v1/tracks/06cVYxzl6FxFeb9KrJgCqW", "analysis_url": "https://api.spotify.com/v1/audio-analysis/06cVYxzl6FxFeb9KrJgCqW", "duration_ms": 126218, "time_signature": 3}, {"danceability": 0.179, "energy": 0.211, "key": 3, "loudness": -21.525, "mode": 1, "speechiness": 0.0363, "acousticness": 0.935, "instrumentalness": 0.929, "liveness": 0.0973, "valence": 0.0347, "tempo": 70.527, "type": "audio_features", "id": "2oSolyDLPWbLe3o3StUXG4", "uri": "spotify:track:2oSolyDLPWbLe3o3StUXG4", "track_href": "https://api.spotify.com/v1/tracks/2oSolyDLPWbLe3o3StUXG4", "analysis_url": "https://api.spotify.com/v1/audio-analysis/2oSolyDLPWbLe3o3StUXG4", "duration_ms": 90125, "time_signature": 3}, {"danceability": 0.414, "energy": 0.0785, "key": 0, "loudness": -19.991, "mode": 0, "speechiness": 0.04, "acousticness": 0.979, "instrumentalness": 0.891, "liveness": 0.124, "valence": 0.188, "tempo": 174.874, "type": "audio_features", "id": "6giBVmhHVp2MeSQdiJLrRP", "uri": "spotify:track:6giBVmhHVp2MeSQdiJLrRP", "track_href": "https://api.spotify.com/v1/tracks/6giBVmhHVp2MeSQdiJLrRP", "analysis_url": "https://api.spotify.com/v1/audio-analysis/6giBVmhHVp2MeSQdiJLrRP", "duration_ms": 98024, "time_signature": 3}, {"danceability": 0.337, "energy": 0.0234, "key": 9, "loudness": -29.303, "mode": 0, "speechiness": 0.052, "acousticness": 0.994, "instrumentalness": 0.91, "liveness": 0.115, "valence": 0.149, "tempo": 72.018, "type": "audio_features", "id": "15txKLdZrfNfEwDAUFVWRy", "uri": "spotify:track:15txKLdZrfNfEwDAUFVWRy", "track_href": "https://api.spotify.com/v1/tracks/15txKLdZrfNfEwDAUFVWRy", "analysis_url": "https://api.spotify.com/v1/audio-analysis/15txKLdZrfNfEwDAUFVWRy", "duration_ms": 108621, "time_signature": 4}, {"danceability": 0.351, "energy": 0.041, "key": 0, "loudness": -23.274, "mode": 0, "speechiness": 0.0484, "acousticness": 0.987, "instrumentalness": 0.952, "liveness": 0.121, "valence": 0.2, "tempo": 74.705, "type": "audio_features", "id": "5dFuZx85K5BGRteS71WAjh", "uri": "spotify:track:5dFuZx85K5BGRteS71WAjh", "track_href": "https://api.spotify.com/v1/tracks/5dFuZx85K5BGRteS71WAjh", "analysis_url": "https://api.spotify.com/v1/audio-analysis/5dFuZx85K5BGRteS71WAjh", "duration_ms": 117297, "time_signature": 4}, {"danceability": 0.424, "energy": 0.054, "key": 1, "loudness": -27.021, "mode": 0, "speechiness": 0.0405, "acousticness": 0.983, "instrumentalness": 0.917, "liveness": 0.117, "valence": 0.0634, "tempo": 121.824, "type": "audio_features", "id": "6ewb3ZA3nMRXcJ7bT8x3hB", "uri": "spotify:track:6ewb3ZA3nMRXcJ7bT8x3hB", "track_href": "https://api.spotify.com/v1/tracks/6ewb3ZA3nMRXcJ7bT8x3hB", "analysis_url": "https://api.spotify.com/v1/audio-analysis/6ewb3ZA3nMRXcJ7bT8x3hB", "duration_ms": 119678, "time_signature": 3}, {"danceability": 0.371, "energy": 0.046, "key": 0, "loudness": -24.372, "mode": 0, "speechiness": 0.0482, "acousticness": 0.995, "instrumentalness": 0.947, "liveness": 0.122, "valence": 0.205, "tempo": 70.46, "type": "audio_features", "id": "2y2AIWY8ifi84Bd9H6RDTO", "uri": "spotify:track:2y2AIWY8ifi84Bd9H6RDTO", "track_href": "https://api.spotify.com/v1/tracks/2y2AIWY8ifi84Bd9H6RDTO", "analysis_url": "https://api.spotify.com/v1/audio-analysis/2y2AIWY8ifi84Bd9H6RDTO", "duration_ms": 85345, "time_signature": 4}, {"danceability": 0.648, "energy": 0.0224, "key": 7, "loudness": -24.986, "mode": 1, "speechiness": 0.124, "acousticness": 0.994, "instrumentalness": 0.966, "liveness": 0.103, "valence": 0.31, "tempo": 131.146, "type": "audio_features", "id": "6OdZ193K0JIQW4UbSB6x7V", "uri": "spotify:track:6OdZ193K0JIQW4UbSB6x7V", "track_href": "https://api.spotify.com/v1/tracks/6OdZ193K0JIQW4UbSB6x7V", "analysis_url": "https://api.spotify.com/v1/audio-analysis/6OdZ193K0JIQW4UbSB6x7V", "duration_ms": 219844, "time_signature": 3}, {"danceability": 0.214, "energy": 0.211, "key": 2, "loudness": -20.445, "mode": 1, "speechiness": 0.0453, "acousticness": 0.985, "instrumentalness": 0.931, "liveness": 0.109, "valence": 0.145, "tempo": 131.882, "type": "audio_features", "id": "4jMkokUekdgLK2wpbXyHnE", "uri": "spotify:track:4jMkokUekdgLK2wpbXyHnE", "track_href": "https://api.spotify.com/v1/tracks/4jMkokUekdgLK2wpbXyHnE", "analysis_url": "https://api.spotify.com/v1/audio-analysis/4jMkokUekdgLK2wpbXyHnE", "duration_ms": 197172, "time_signature": 4}, {"danceability": 0.318, "energy": 0.0664, "key": 0, "loudness": -25.447, "mode": 0, "speechiness": 0.0371, "acousticness": 0.957, "instrumentalness": 0.903, "liveness": 0.104, "valence": 0.0633, "tempo": 70.846, "type": "audio_features", "id": "4yywtiAfiUxebMo6JbkqLr", "uri": "spotify:track:4yywtiAfiUxebMo6JbkqLr", "track_href": "https://api.spotify.com/v1/tracks/4yywtiAfiUxebMo6JbkqLr", "analysis_url": "https://api.spotify.com/v1/audio-analysis/4yywtiAfiUxebMo6JbkqLr", "duration_ms": 196174, "time_signature": 4}, {"danceability": 0.293, "energy": 0.122, "key": 7, "loudness": -25.892, "mode": 0, "speechiness": 0.0432, "acousticness": 0.981, "instrumentalness": 0.922, "liveness": 0.134, "valence": 0.398, "tempo": 156.943, "type": "audio_features", "id": "1XJ3hefa3zw4ZvSTni2LXX", "uri": "spotify:track:1XJ3hefa3zw4ZvSTni2LXX", "track_href": "https://api.spotify.com/v1/tracks/1XJ3hefa3zw4ZvSTni2LXX", "analysis_url": "https://api.spotify.com/v1/audio-analysis/1XJ3hefa3zw4ZvSTni2LXX", "duration_ms": 102449, "time_signature": 3}, {"danceability": 0.509, "energy": 0.0381, "key": 0, "loudness": -22.277, "mode": 0, "speechiness": 0.0514, "acousticness": 0.995, "instrumentalness": 0.915, "liveness": 0.192, "valence": 0.33, "tempo": 131.629, "type": "audio_features", "id": "1UW31930b1AyFzicUBsZql", "uri": "spotify:track:1UW31930b1AyFzicUBsZql", "track_href": "https://api.spotify.com/v1/tracks/1UW31930b1AyFzicUBsZql", "analysis_url": "https://api.spotify.com/v1/audio-analysis/1UW31930b1AyFzicUBsZql", "duration_ms": 118442, "time_signature": 3}, {"danceability": 0.495, "energy": 0.0465, "key": 0, "loudness": -25.236, "mode": 0, "speechiness": 0.0386, "acousticness": 0.994, "instrumentalness": 0.932, "liveness": 0.108, "valence": 0.172, "tempo": 77.299, "type": "audio_features", "id": "2pj7sn73hKfXbTDjip9bu9", "uri": "spotify:track:2pj7sn73hKfXbTDjip9bu9", "track_href": "https://api.spotify.com/v1/tracks/2pj7sn73hKfXbTDjip9bu9", "analysis_url": "https://api.spotify.com/v1/audio-analysis/2pj7sn73hKfXbTDjip9bu9", "duration_ms": 155893, "time_signature": 3}, {"danceability": 0.353, "energy": 0.0535, "key": 9, "loudness": -23.46, "mode": 0, "speechiness": 0.0357, "acousticness": 0.94, "instrumentalness": 0.922, "liveness": 0.106, "valence": 0.0646, "tempo": 70.622, "type": "audio_features", "id": "5sHedbFRbVk9ekP6hx1GgF", "uri": "spotify:track:5sHedbFRbVk9ekP6hx1GgF", "track_href": "https://api.spotify.com/v1/tracks/5sHedbFRbVk9ekP6hx1GgF", "analysis_url": "https://api.spotify.com/v1/audio-analysis/5sHedbFRbVk9ekP6hx1GgF", "duration_ms": 161543, "time_signature": 4}, {"danceability": 0.432, "energy": 0.0371, "key": 7, "loudness": -22.335, "mode": 1, "speechiness": 0.0356, "acousticness": 0.987, "instrumentalness": 0.928, "liveness": 0.112, "valence": 0.21, "tempo": 68.601, "type": "audio_features", "id": "4cGheKHXo8FLHkxGiyLarU", "uri": "spotify:track:4cGheKHXo8FLHkxGiyLarU", "track_href": "https://api.spotify.com/v1/tracks/4cGheKHXo8FLHkxGiyLarU", "analysis_url": "https://api.spotify.com/v1/audio-analysis/4cGheKHXo8FLHkxGiyLarU", "duration_ms": 105935, "time_signature": 3}, {"danceability": 0.368, "energy": 0.0428, "key": 4, "loudness": -25.945, "mode": 0, "speechiness": 0.043, "acousticness": 0.989, "instrumentalness": 0.96, "liveness": 0.0958, "valence": 0.165, "tempo": 102.661, "type": "audio_features", "id": "3Wgap2B3wHymi9SVbqQxy8", "uri": "spotify:track:3Wgap2B3wHymi9SVbqQxy8", "track_href": "https://api.spotify.com/v1/tracks/3Wgap2B3wHymi9SVbqQxy8", "analysis_url": "https://api.spotify.com/v1/audio-analysis/3Wgap2B3wHymi9SVbqQxy8", "duration_ms": 180044, "time_signature": 4}, {"danceability": 0.391, "energy": 0.033, "key": 7, "loudness": -24.868, "mode": 0, "speechiness": 0.0431, "acousticness": 0.948, "instrumentalness": 0.901, "liveness": 0.124, "valence": 0.213, "tempo": 80.406, "type": "audio_features", "id": "0ww1CBoislrcIbXVYOSidx", "uri": "spotify:track:0ww1CBoislrcIbXVYOSidx", "track_href": "https://api.spotify.com/v1/tracks/0ww1CBoislrcIbXVYOSidx", "analysis_url": "https://api.spotify.com/v1/audio-analysis/0ww1CBoislrcIbXVYOSidx", "duration_ms": 108056, "time_signature": 4}, {"danceability": 0.372, "energy": 0.0708, "key": 5, "loudness": -26.576, "mode": 1, "speechiness": 0.0541, "acousticness": 0.993, "instrumentalness": 0.835, "liveness": 0.112, "valence": 0.318, "tempo": 67.113, "type": "audio_features", "id": "4kIEnL0sPOPRTku6NZMTnd", "uri": "spotify:track:4kIEnL0sPOPRTku6NZMTnd", "track_href": "https://api.spotify.com/v1/tracks/4kIEnL0sPOPRTku6NZMTnd", "analysis_url": "https://api.spotify.com/v1/audio-analysis/4kIEnL0sPOPRTku6NZMTnd", "duration_ms": 87250, "time_signature": 4}, {"danceability": 0.101, "energy": 0.193, "key": 0, "loudness": -17.278, "mode": 1, "speechiness": 0.0368, "acousticness": 0.931, "instrumentalness": 0.908, "liveness": 0.105, "valence": 0.24, "tempo": 72.073, "type": "audio_features", "id": "2CpUltvJo143PicR1Yawc0", "uri": "spotify:track:2CpUltvJo143PicR1Yawc0", "track_href": "https://api.spotify.com/v1/tracks/2CpUltvJo143PicR1Yawc0", "analysis_url": "https://api.spotify.com/v1/audio-analysis/2CpUltvJo143PicR1Yawc0", "duration_ms": 151693, "time_signature": 4}, {"danceability": 0.219, "energy": 0.15, "key": 8, "loudness": -14.261, "mode": 1, "speechiness": 0.034, "acousticness": 0.963, "instrumentalness": 0.858, "liveness": 0.116, "valence": 0.0387, "tempo": 109.314, "type": "audio_features", "id": "1rBPJXhnONDwiIWUdCwYUw", "uri": "spotify:track:1rBPJXhnONDwiIWUdCwYUw", "track_href": "https://api.spotify.com/v1/tracks/1rBPJXhnONDwiIWUdCwYUw", "analysis_url": "https://api.spotify.com/v1/audio-analysis/1rBPJXhnONDwiIWUdCwYUw", "duration_ms": 126973, "time_signature": 4}, {"danceability": 0.408, "energy": 0.0863, "key": 8, "loudness": -21.392, "mode": 1, "speechiness": 0.0444, "acousticness": 0.988, "instrumentalness": 0.919, "liveness": 0.0943, "valence": 0.201, "tempo": 111.526, "type": "audio_features", "id": "1QnwO1kcYQqCjxjxWV0059", "uri": "spotify:track:1QnwO1kcYQqCjxjxWV0059", "track_href": "https://api.spotify.com/v1/tracks/1QnwO1kcYQqCjxjxWV0059", "analysis_url": "https://api.spotify.com/v1/audio-analysis/1QnwO1kcYQqCjxjxWV0059", "duration_ms": 134272, "time_signature": 4}, {"danceability": 0.45, "energy": 0.0417, "key": 1, "loudness": -25.533, "mode": 1, "speechiness": 0.0602, "acousticness": 0.995, "instrumentalness": 0.936, "liveness": 0.0988, "valence": 0.0371, "tempo": 66.042, "type": "audio_features", "id": "4dItYug18W4VHC5I7ttJyL", "uri": "spotify:track:4dItYug18W4VHC5I7ttJyL", "track_href": "https://api.spotify.com/v1/tracks/4dItYug18W4VHC5I7ttJyL", "analysis_url": "https://api.spotify.com/v1/audio-analysis/4dItYug18W4VHC5I7ttJyL", "duration_ms": 117562, "time_signature": 3}, {"danceability": 0.433, "energy": 0.163, "key": 0, "loudness": -20.878, "mode": 1, "speechiness": 0.0434, "acousticness": 0.978, "instrumentalness": 0.918, "liveness": 0.11, "valence": 0.374, "tempo": 108.609, "type": "audio_features", "id": "3GSDrETycWqPh2LPIDK9kh", "uri": "spotify:track:3GSDrETycWqPh2LPIDK9kh", "track_href": "https://api.spotify.com/v1/tracks/3GSDrETycWqPh2LPIDK9kh", "analysis_url": "https://api.spotify.com/v1/audio-analysis/3GSDrETycWqPh2LPIDK9kh", "duration_ms": 201593, "time_signature": 3}, {"danceability": 0.169, "energy": 0.165, "key": 9, "loudness": -17.428, "mode": 0, "speechiness": 0.0359, "acousticness": 0.885, "instrumentalness": 0.868, "liveness": 0.116, "valence": 0.156, "tempo": 96.462, "type": "audio_features", "id": "7mXmPIvQqnyMtea5W2Hj3c", "uri": "spotify:track:7mXmPIvQqnyMtea5W2Hj3c", "track_href": "https://api.spotify.com/v1/tracks/7mXmPIvQqnyMtea5W2Hj3c", "analysis_url": "https://api.spotify.com/v1/audio-analysis/7mXmPIvQqnyMtea5W2Hj3c", "duration_ms": 124503, "time_signature": 3}, {"danceability": 0.369, "energy": 0.0968, "key": 9, "loudness": -25.602, "mode": 0, "speechiness": 0.0356, "acousticness": 0.992, "instrumentalness": 0.945, "liveness": 0.111, "valence": 0.33, "tempo": 123.28, "type": "audio_features", "id": "0NSIpdsv2mopcf3lyetWsu", "uri": "spotify:track:0NSIpdsv2mopcf3lyetWsu", "track_href": "https://api.spotify.com/v1/tracks/0NSIpdsv2mopcf3lyetWsu", "analysis_url": "https://api.spotify.com/v1/audio-analysis/0NSIpdsv2mopcf3lyetWsu", "duration_ms": 115489, "time_signature": 3}, {"danceability": 0.177, "energy": 0.178, "key": 7, "loudness": -20.203, "mode": 1, "speechiness": 0.0502, "acousticness": 0.974, "instrumentalness": 0.943, "liveness": 0.105, "valence": 0.289, "tempo": 72.262, "type": "audio_features", "id": "0112JPUdRF2tJhlfq6aU4l", "uri": "spotify:track:0112JPUdRF2tJhlfq6aU4l", "track_href": "https://api.spotify.com/v1/tracks/0112JPUdRF2tJhlfq6aU4l", "analysis_url": "https://api.spotify.com/v1/audio-analysis/0112JPUdRF2tJhlfq6aU4l", "duration_ms": 96955, "time_signature": 3}, {"danceability": 0.404, "energy": 0.0738, "key": 0, "loudness": -25.757, "mode": 0, "speechiness": 0.0658, "acousticness": 0.972, "instrumentalness": 0.894, "liveness": 0.0839, "valence": 0.21, "tempo": 69.815, "type": "audio_features", "id": "4RrnPnDODfODUajvBlWDKa", "uri": "spotify:track:4RrnPnDODfODUajvBlWDKa", "track_href": "https://api.spotify.com/v1/tracks/4RrnPnDODfODUajvBlWDKa", "analysis_url": "https://api.spotify.com/v1/audio-analysis/4RrnPnDODfODUajvBlWDKa", "duration_ms": 118853, "time_signature": 4}, {"danceability": 0.524, "energy": 0.0891, "key": 11, "loudness": -19.752, "mode": 1, "speechiness": 0.067, "acousticness": 0.995, "instrumentalness": 0.967, "liveness": 0.092, "valence": 0.488, "tempo": 113.099, "type": "audio_features", "id": "2xY6MPmsC5Cnutv38suQjY", "uri": "spotify:track:2xY6MPmsC5Cnutv38suQjY", "track_href": "https://api.spotify.com/v1/tracks/2xY6MPmsC5Cnutv38suQjY", "analysis_url": "https://api.spotify.com/v1/audio-analysis/2xY6MPmsC5Cnutv38suQjY", "duration_ms": 92787, "time_signature": 3}, {"danceability": 0.431, "energy": 0.0812, "key": 0, "loudness": -24.027, "mode": 1, "speechiness": 0.0452, "acousticness": 0.992, "instrumentalness": 0.956, "liveness": 0.0988, "valence": 0.45, "tempo": 70.031, "type": "audio_features", "id": "67RyYh8AoO596CRTho9e9D", "uri": "spotify:track:67RyYh8AoO596CRTho9e9D", "track_href": "https://api.spotify.com/v1/tracks/67RyYh8AoO596CRTho9e9D", "analysis_url": "https://api.spotify.com/v1/audio-analysis/67RyYh8AoO596CRTho9e9D", "duration_ms": 162000, "time_signature": 4}, {"danceability": 0.444, "energy": 0.0535, "key": 5, "loudness": -21.7, "mode": 0, "speechiness": 0.0688, "acousticness": 0.984, "instrumentalness": 0.966, "liveness": 0.152, "valence": 0.0656, "tempo": 131.88, "type": "audio_features", "id": "6tL0fQV0KipIdi4fLfQ8eu", "uri": "spotify:track:6tL0fQV0KipIdi4fLfQ8eu", "track_href": "https://api.spotify.com/v1/tracks/6tL0fQV0KipIdi4fLfQ8eu", "analysis_url": "https://api.spotify.com/v1/audio-analysis/6tL0fQV0KipIdi4fLfQ8eu", "duration_ms": 157054, "time_signature": 3}, {"danceability": 0.224, "energy": 0.146, "key": 9, "loudness": -16.331, "mode": 0, "speechiness": 0.0338, "acousticness": 0.961, "instrumentalness": 0.712, "liveness": 0.113, "valence": 0.142, "tempo": 94.255, "type": "audio_features", "id": "5Zf25eS8E1znm9mez4cGsm", "uri": "spotify:track:5Zf25eS8E1znm9mez4cGsm", "track_href": "https://api.spotify.com/v1/tracks/5Zf25eS8E1znm9mez4cGsm", "analysis_url": "https://api.spotify.com/v1/audio-analysis/5Zf25eS8E1znm9mez4cGsm", "duration_ms": 130693, "time_signature": 3}, {"danceability": 0.472, "energy": 0.0649, "key": 4, "loudness": -25.902, "mode": 1, "speechiness": 0.0435, "acousticness": 0.973, "instrumentalness": 0.945, "liveness": 0.0964, "valence": 0.134, "tempo": 123.135, "type": "audio_features", "id": "2wtqRUSzr3FXW7Z29d0RbT", "uri": "spotify:track:2wtqRUSzr3FXW7Z29d0RbT", "track_href": "https://api.spotify.com/v1/tracks/2wtqRUSzr3FXW7Z29d0RbT", "analysis_url": "https://api.spotify.com/v1/audio-analysis/2wtqRUSzr3FXW7Z29d0RbT", "duration_ms": 131133, "time_signature": 3}, {"danceability": 0.561, "energy": 0.13, "key": 1, "loudness": -18.054, "mode": 0, "speechiness": 0.0633, "acousticness": 0.994, "instrumentalness": 0.958, "liveness": 0.0906, "valence": 0.185, "tempo": 109.153, "type": "audio_features", "id": "2pChspMySmAmdiLNMFq5cN", "uri": "spotify:track:2pChspMySmAmdiLNMFq5cN", "track_href": "https://api.spotify.com/v1/tracks/2pChspMySmAmdiLNMFq5cN", "analysis_url": "https://api.spotify.com/v1/audio-analysis/2pChspMySmAmdiLNMFq5cN", "duration_ms": 117516, "time_signature": 4}, {"danceability": 0.374, "energy": 0.0229, "key": 7, "loudness": -30.822, "mode": 0, "speechiness": 0.0374, "acousticness": 0.989, "instrumentalness": 0.937, "liveness": 0.113, "valence": 0.238, "tempo": 78.234, "type": "audio_features", "id": "0PqInMtlUzEnh8BumonVJm", "uri": "spotify:track:0PqInMtlUzEnh8BumonVJm", "track_href": "https://api.spotify.com/v1/tracks/0PqInMtlUzEnh8BumonVJm", "analysis_url": "https://api.spotify.com/v1/audio-analysis/0PqInMtlUzEnh8BumonVJm", "duration_ms": 153838, "time_signature": 5}, {"danceability": 0.176, "energy": 0.0959, "key": 0, "loudness": -24.116, "mode": 0, "speechiness": 0.0428, "acousticness": 0.8, "instrumentalness": 0.874, "liveness": 0.107, "valence": 0.129, "tempo": 116.182, "type": "audio_features", "id": "3lIPRuYo5K29uEFpJaSebe", "uri": "spotify:track:3lIPRuYo5K29uEFpJaSebe", "track_href": "https://api.spotify.com/v1/tracks/3lIPRuYo5K29uEFpJaSebe", "analysis_url": "https://api.spotify.com/v1/audio-analysis/3lIPRuYo5K29uEFpJaSebe", "duration_ms": 137237, "time_signature": 4}, {"danceability": 0.431, "energy": 0.165, "key": 10, "loudness": -18.534, "mode": 0, "speechiness": 0.0603, "acousticness": 0.991, "instrumentalness": 0.952, "liveness": 0.107, "valence": 0.561, "tempo": 129.873, "type": "audio_features", "id": "7bdaiTY4f9hObOCAUEpBef", "uri": "spotify:track:7bdaiTY4f9hObOCAUEpBef", "track_href": "https://api.spotify.com/v1/tracks/7bdaiTY4f9hObOCAUEpBef", "analysis_url": "https://api.spotify.com/v1/audio-analysis/7bdaiTY4f9hObOCAUEpBef", "duration_ms": 105525, "time_signature": 4}, {"danceability": 0.194, "energy": 0.187, "key": 0, "loudness": -14.551, "mode": 1, "speechiness": 0.0364, "acousticness": 0.959, "instrumentalness": 0.784, "liveness": 0.116, "valence": 0.0395, "tempo": 116.475, "type": "audio_features", "id": "0mVPH1arrs1xcwy7VqHnR9", "uri": "spotify:track:0mVPH1arrs1xcwy7VqHnR9", "track_href": "https://api.spotify.com/v1/tracks/0mVPH1arrs1xcwy7VqHnR9", "analysis_url": "https://api.spotify.com/v1/audio-analysis/0mVPH1arrs1xcwy7VqHnR9", "duration_ms": 155161, "time_signature": 4}, {"danceability": 0.359, "energy": 0.0805, "key": 9, "loudness": -18.59, "mode": 1, "speechiness": 0.0394, "acousticness": 0.988, "instrumentalness": 0.889, "liveness": 0.0932, "valence": 0.246, "tempo": 162.591, "type": "audio_features", "id": "30NZ5YYKON9jIhC7kGgVUE", "uri": "spotify:track:30NZ5YYKON9jIhC7kGgVUE", "track_href": "https://api.spotify.com/v1/tracks/30NZ5YYKON9jIhC7kGgVUE", "analysis_url": "https://api.spotify.com/v1/audio-analysis/30NZ5YYKON9jIhC7kGgVUE", "duration_ms": 116000, "time_signature": 3}, {"danceability": 0.33, "energy": 0.0541, "key": 8, "loudness": -22.039, "mode": 0, "speechiness": 0.0437, "acousticness": 0.992, "instrumentalness": 0.957, "liveness": 0.108, "valence": 0.0975, "tempo": 76.236, "type": "audio_features", "id": "6f7d9GrkvTe5YlGNffnUVq", "uri": "spotify:track:6f7d9GrkvTe5YlGNffnUVq", "track_href": "https://api.spotify.com/v1/tracks/6f7d9GrkvTe5YlGNffnUVq", "analysis_url": "https://api.spotify.com/v1/audio-analysis/6f7d9GrkvTe5YlGNffnUVq", "duration_ms": 112653, "time_signature": 4}, {"danceability": 0.264, "energy": 0.124, "key": 6, "loudness": -22.595, "mode": 0, "speechiness": 0.0446, "acousticness": 0.976, "instrumentalness": 0.951, "liveness": 0.111, "valence": 0.234, "tempo": 140.228, "type": "audio_features", "id": "7csX8ie1iTC6CbTZsiKNqW", "uri": "spotify:track:7csX8ie1iTC6CbTZsiKNqW", "track_href": "https://api.spotify.com/v1/tracks/7csX8ie1iTC6CbTZsiKNqW", "analysis_url": "https://api.spotify.com/v1/audio-analysis/7csX8ie1iTC6CbTZsiKNqW", "duration_ms": 98193, "time_signature": 5}, {"danceability": 0.363, "energy": 0.0609, "key": 11, "loudness": -18.848, "mode": 0, "speechiness": 0.0554, "acousticness": 0.987, "instrumentalness": 0.96, "liveness": 0.105, "valence": 0.177, "tempo": 96.839, "type": "audio_features", "id": "1dcIYBZoz94tE8MiEUsPx3", "uri": "spotify:track:1dcIYBZoz94tE8MiEUsPx3", "track_href": "https://api.spotify.com/v1/tracks/1dcIYBZoz94tE8MiEUsPx3", "analysis_url": "https://api.spotify.com/v1/audio-analysis/1dcIYBZoz94tE8MiEUsPx3", "duration_ms": 108426, "time_signature": 4}, {"danceability": 0.52, "energy": 0.0205, "key": 9, "loudness": -28.221, "mode": 0, "speechiness": 0.0565, "acousticness": 0.988, "instrumentalness": 0.974, "liveness": 0.106, "valence": 0.146, "tempo": 98.743, "type": "audio_features", "id": "10Palf6CF1Q53ZZOdcKAxg", "uri": "spotify:track:10Palf6CF1Q53ZZOdcKAxg", "track_href": "https://api.spotify.com/v1/tracks/10Palf6CF1Q53ZZOdcKAxg", "analysis_url": "https://api.spotify.com/v1/audio-analysis/10Palf6CF1Q53ZZOdcKAxg", "duration_ms": 144818, "time_signature": 4}, {"danceability": 0.215, "energy": 0.149, "key": 0, "loudness": -16.469, "mode": 1, "speechiness": 0.0365, "acousticness": 0.942, "instrumentalness": 0.879, "liveness": 0.109, "valence": 0.128, "tempo": 131.562, "type": "audio_features", "id": "0ZweP1og18O9g2OyQKCnri", "uri": "spotify:track:0ZweP1og18O9g2OyQKCnri", "track_href": "https://api.spotify.com/v1/tracks/0ZweP1og18O9g2OyQKCnri", "analysis_url": "https://api.spotify.com/v1/audio-analysis/0ZweP1og18O9g2OyQKCnri", "duration_ms": 184792, "time_signature": 3}, {"danceability": 0.432, "energy": 0.0687, "key": 1, "loudness": -23.397, "mode": 0, "speechiness": 0.0645, "acousticness": 0.991, "instrumentalness": 0.962, "liveness": 0.104, "valence": 0.235, "tempo": 75.85, "type": "audio_features", "id": "27huIjrnDeFI23ZyweDB7y", "uri": "spotify:track:27huIjrnDeFI23ZyweDB7y", "track_href": "https://api.spotify.com/v1/tracks/27huIjrnDeFI23ZyweDB7y", "analysis_url": "https://api.spotify.com/v1/audio-analysis/27huIjrnDeFI23ZyweDB7y", "duration_ms": 133004, "time_signature": 5}, {"danceability": 0.451, "energy": 0.0533, "key": 11, "loudness": -24.103, "mode": 0, "speechiness": 0.0613, "acousticness": 0.992, "instrumentalness": 0.938, "liveness": 0.109, "valence": 0.145, "tempo": 84.81, "type": "audio_features", "id": "1qVEZXmWhDWpKkDgBKWEvi", "uri": "spotify:track:1qVEZXmWhDWpKkDgBKWEvi", "track_href": "https://api.spotify.com/v1/tracks/1qVEZXmWhDWpKkDgBKWEvi", "analysis_url": "https://api.spotify.com/v1/audio-analysis/1qVEZXmWhDWpKkDgBKWEvi", "duration_ms": 128952, "time_signature": 4}, {"danceability": 0.426, "energy": 0.139, "key": 8, "loudness": -20.323, "mode": 0, "speechiness": 0.0489, "acousticness": 0.995, "instrumentalness": 0.961, "liveness": 0.115, "valence": 0.436, "tempo": 134.807, "type": "audio_features", "id": "1xjwsu3B0CFDIU6DlPGRbw", "uri": "spotify:track:1xjwsu3B0CFDIU6DlPGRbw", "track_href": "https://api.spotify.com/v1/tracks/1xjwsu3B0CFDIU6DlPGRbw", "analysis_url": "https://api.spotify.com/v1/audio-analysis/1xjwsu3B0CFDIU6DlPGRbw", "duration_ms": 118967, "time_signature": 4}, {"danceability": 0.402, "energy": 0.0226, "key": 9, "loudness": -23.886, "mode": 0, "speechiness": 0.0446, "acousticness": 0.989, "instrumentalness": 0.956, "liveness": 0.106, "valence": 0.525, "tempo": 138.406, "type": "audio_features", "id": "1FaojBaCdNepbvsluSvnhg", "uri": "spotify:track:1FaojBaCdNepbvsluSvnhg", "track_href": "https://api.spotify.com/v1/tracks/1FaojBaCdNepbvsluSvnhg", "analysis_url": "https://api.spotify.com/v1/audio-analysis/1FaojBaCdNepbvsluSvnhg", "duration_ms": 108487, "time_signature": 3}, {"danceability": 0.396, "energy": 0.0657, "key": 3, "loudness": -25.208, "mode": 1, "speechiness": 0.0437, "acousticness": 0.99, "instrumentalness": 0.882, "liveness": 0.256, "valence": 0.169, "tempo": 63.359, "type": "audio_features", "id": "4O3sMa78639XAePZhbInJ3", "uri": "spotify:track:4O3sMa78639XAePZhbInJ3", "track_href": "https://api.spotify.com/v1/tracks/4O3sMa78639XAePZhbInJ3", "analysis_url": "https://api.spotify.com/v1/audio-analysis/4O3sMa78639XAePZhbInJ3", "duration_ms": 156964, "time_signature": 4}, {"danceability": 0.524, "energy": 0.0551, "key": 6, "loudness": -19.549, "mode": 1, "speechiness": 0.0568, "acousticness": 0.995, "instrumentalness": 0.923, "liveness": 0.098, "valence": 0.537, "tempo": 81.847, "type": "audio_features", "id": "0MwoWQ25OLyVUWKFQaF4WQ", "uri": "spotify:track:0MwoWQ25OLyVUWKFQaF4WQ", "track_href": "https://api.spotify.com/v1/tracks/0MwoWQ25OLyVUWKFQaF4WQ", "analysis_url": "https://api.spotify.com/v1/audio-analysis/0MwoWQ25OLyVUWKFQaF4WQ", "duration_ms": 157111, "time_signature": 3}, {"danceability": 0.202, "energy": 0.161, "key": 10, "loudness": -22.956, "mode": 0, "speechiness": 0.0484, "acousticness": 0.989, "instrumentalness": 0.891, "liveness": 0.134, "valence": 0.187, "tempo": 166.287, "type": "audio_features", "id": "6z720DAWxYJL5SacdZLlEN", "uri": "spotify:track:6z720DAWxYJL5SacdZLlEN", "track_href": "https://api.spotify.com/v1/tracks/6z720DAWxYJL5SacdZLlEN", "analysis_url": "https://api.spotify.com/v1/audio-analysis/6z720DAWxYJL5SacdZLlEN", "duration_ms": 360196, "time_signature": 4}, {"danceability": 0.43, "energy": 0.044, "key": 10, "loudness": -21.975, "mode": 0, "speechiness": 0.0514, "acousticness": 0.993, "instrumentalness": 0.966, "liveness": 0.109, "valence": 0.473, "tempo": 111.763, "type": "audio_features", "id": "53eC7Dbi4FDGn6wS4wNwcf", "uri": "spotify:track:53eC7Dbi4FDGn6wS4wNwcf", "track_href": "https://api.spotify.com/v1/tracks/53eC7Dbi4FDGn6wS4wNwcf", "analysis_url": "https://api.spotify.com/v1/audio-analysis/53eC7Dbi4FDGn6wS4wNwcf", "duration_ms": 92619, "time_signature": 4}, {"danceability": 0.0935, "energy": 0.0727, "key": 5, "loudness": -18.857, "mode": 1, "speechiness": 0.0406, "acousticness": 0.632, "instrumentalness": 0.915, "liveness": 0.0745, "valence": 0.0361, "tempo": 86.701, "type": "audio_features", "id": "2JhXNnNWmiob3itdUHYynY", "uri": "spotify:track:2JhXNnNWmiob3itdUHYynY", "track_href": "https://api.spotify.com/v1/tracks/2JhXNnNWmiob3itdUHYynY", "analysis_url": "https://api.spotify.com/v1/audio-analysis/2JhXNnNWmiob3itdUHYynY", "duration_ms": 213231, "time_signature": 4}, {"danceability": 0.242, "energy": 0.0352, "key": 1, "loudness": -23.691, "mode": 1, "speechiness": 0.0522, "acousticness": 0.988, "instrumentalness": 0.939, "liveness": 0.0995, "valence": 0.0637, "tempo": 213.512, "type": "audio_features", "id": "1TK8WA5RWlQVEJVxdPqXSY", "uri": "spotify:track:1TK8WA5RWlQVEJVxdPqXSY", "track_href": "https://api.spotify.com/v1/tracks/1TK8WA5RWlQVEJVxdPqXSY", "analysis_url": "https://api.spotify.com/v1/audio-analysis/1TK8WA5RWlQVEJVxdPqXSY", "duration_ms": 330897, "time_signature": 4}, {"danceability": 0.277, "energy": 0.0314, "key": 5, "loudness": -25.936, "mode": 0, "speechiness": 0.0522, "acousticness": 0.991, "instrumentalness": 0.942, "liveness": 0.0859, "valence": 0.161, "tempo": 80.153, "type": "audio_features", "id": "2ZSga0mI1m1wNpxj5ZXVs6", "uri": "spotify:track:2ZSga0mI1m1wNpxj5ZXVs6", "track_href": "https://api.spotify.com/v1/tracks/2ZSga0mI1m1wNpxj5ZXVs6", "analysis_url": "https://api.spotify.com/v1/audio-analysis/2ZSga0mI1m1wNpxj5ZXVs6", "duration_ms": 341040, "time_signature": 4}, {"danceability": 0.449, "energy": 0.158, "key": 5, "loudness": -19.995, "mode": 0, "speechiness": 0.0868, "acousticness": 0.989, "instrumentalness": 0.961, "liveness": 0.108, "valence": 0.165, "tempo": 111.62, "type": "audio_features", "id": "4jXnx2PJZ1kHL9QewggPTv", "uri": "spotify:track:4jXnx2PJZ1kHL9QewggPTv", "track_href": "https://api.spotify.com/v1/tracks/4jXnx2PJZ1kHL9QewggPTv", "analysis_url": "https://api.spotify.com/v1/audio-analysis/4jXnx2PJZ1kHL9QewggPTv", "duration_ms": 89906, "time_signature": 4}, {"danceability": 0.358, "energy": 0.0293, "key": 5, "loudness": -23.598, "mode": 0, "speechiness": 0.0455, "acousticness": 0.98, "instrumentalness": 0.929, "liveness": 0.13, "valence": 0.0397, "tempo": 163.718, "type": "audio_features", "id": "6sxREvxzam9jxDQvOy62ef", "uri": "spotify:track:6sxREvxzam9jxDQvOy62ef", "track_href": "https://api.spotify.com/v1/tracks/6sxREvxzam9jxDQvOy62ef", "analysis_url": "https://api.spotify.com/v1/audio-analysis/6sxREvxzam9jxDQvOy62ef", "duration_ms": 149758, "time_signature": 3}, {"danceability": 0.41, "energy": 0.0118, "key": 9, "loudness": -27.796, "mode": 0, "speechiness": 0.0412, "acousticness": 0.996, "instrumentalness": 0.924, "liveness": 0.0731, "valence": 0.239, "tempo": 126.313, "type": "audio_features", "id": "26I8Se3pMUKf56A2NAL9va", "uri": "spotify:track:26I8Se3pMUKf56A2NAL9va", "track_href": "https://api.spotify.com/v1/tracks/26I8Se3pMUKf56A2NAL9va", "analysis_url": "https://api.spotify.com/v1/audio-analysis/26I8Se3pMUKf56A2NAL9va", "duration_ms": 275040, "time_signature": 4}, {"danceability": 0.412, "energy": 0.107, "key": 1, "loudness": -23.232, "mode": 0, "speechiness": 0.0483, "acousticness": 0.993, "instrumentalness": 0.938, "liveness": 0.102, "valence": 0.23, "tempo": 68.093, "type": "audio_features", "id": "6iqf8tEuS6cqL8K2CXAGZ1", "uri": "spotify:track:6iqf8tEuS6cqL8K2CXAGZ1", "track_href": "https://api.spotify.com/v1/tracks/6iqf8tEuS6cqL8K2CXAGZ1", "analysis_url": "https://api.spotify.com/v1/audio-analysis/6iqf8tEuS6cqL8K2CXAGZ1", "duration_ms": 374415, "time_signature": 1}, {"danceability": 0.474, "energy": 0.061, "key": 11, "loudness": -18.835, "mode": 0, "speechiness": 0.0583, "acousticness": 0.974, "instrumentalness": 0.946, "liveness": 0.0962, "valence": 0.084, "tempo": 112.122, "type": "audio_features", "id": "7eXaN14pwLY8FFqYlSIk7B", "uri": "spotify:track:7eXaN14pwLY8FFqYlSIk7B", "track_href": "https://api.spotify.com/v1/tracks/7eXaN14pwLY8FFqYlSIk7B", "analysis_url": "https://api.spotify.com/v1/audio-analysis/7eXaN14pwLY8FFqYlSIk7B", "duration_ms": 215583, "time_signature": 5}, {"danceability": 0.264, "energy": 0.0409, "key": 2, "loudness": -22.302, "mode": 1, "speechiness": 0.0453, "acousticness": 0.992, "instrumentalness": 0.877, "liveness": 0.11, "valence": 0.135, "tempo": 167.466, "type": "audio_features", "id": "4MtJi7ZRiSd2UnlENQHpgW", "uri": "spotify:track:4MtJi7ZRiSd2UnlENQHpgW", "track_href": "https://api.spotify.com/v1/tracks/4MtJi7ZRiSd2UnlENQHpgW", "analysis_url": "https://api.spotify.com/v1/audio-analysis/4MtJi7ZRiSd2UnlENQHpgW", "duration_ms": 92500, "time_signature": 3}, {"danceability": 0.357, "energy": 0.0875, "key": 8, "loudness": -22.587, "mode": 1, "speechiness": 0.0403, "acousticness": 0.992, "instrumentalness": 0.948, "liveness": 0.101, "valence": 0.0392, "tempo": 69.17, "type": "audio_features", "id": "53I1L16JdXs21YTNFFkjnR", "uri": "spotify:track:53I1L16JdXs21YTNFFkjnR", "track_href": "https://api.spotify.com/v1/tracks/53I1L16JdXs21YTNFFkjnR", "analysis_url": "https://api.spotify.com/v1/audio-analysis/53I1L16JdXs21YTNFFkjnR", "duration_ms": 286598, "time_signature": 3}, {"danceability": 0.296, "energy": 0.113, "key": 7, "loudness": -24.568, "mode": 0, "speechiness": 0.0378, "acousticness": 0.974, "instrumentalness": 0.927, "liveness": 0.104, "valence": 0.142, "tempo": 75.476, "type": "audio_features", "id": "19WEroy6ZFZVCUozszUMYh", "uri": "spotify:track:19WEroy6ZFZVCUozszUMYh", "track_href": "https://api.spotify.com/v1/tracks/19WEroy6ZFZVCUozszUMYh", "analysis_url": "https://api.spotify.com/v1/audio-analysis/19WEroy6ZFZVCUozszUMYh", "duration_ms": 122500, "time_signature": 4}, {"danceability": 0.347, "energy": 0.0203, "key": 6, "loudness": -26.64, "mode": 1, "speechiness": 0.0631, "acousticness": 0.995, "instrumentalness": 0.958, "liveness": 0.0847, "valence": 0.175, "tempo": 213.313, "type": "audio_features", "id": "0ojia7WRlbyvjQKHCA2owe", "uri": "spotify:track:0ojia7WRlbyvjQKHCA2owe", "track_href": "https://api.spotify.com/v1/tracks/0ojia7WRlbyvjQKHCA2owe", "analysis_url": "https://api.spotify.com/v1/audio-analysis/0ojia7WRlbyvjQKHCA2owe", "duration_ms": 146683, "time_signature": 3}, {"danceability": 0.172, "energy": 0.175, "key": 7, "loudness": -20.243, "mode": 0, "speechiness": 0.0344, "acousticness": 0.958, "instrumentalness": 0.968, "liveness": 0.082, "valence": 0.0358, "tempo": 88.528, "type": "audio_features", "id": "0zZAxpvX9NW4oWkARohl78", "uri": "spotify:track:0zZAxpvX9NW4oWkARohl78", "track_href": "https://api.spotify.com/v1/tracks/0zZAxpvX9NW4oWkARohl78", "analysis_url": "https://api.spotify.com/v1/audio-analysis/0zZAxpvX9NW4oWkARohl78", "duration_ms": 141059, "time_signature": 3}, {"danceability": 0.287, "energy": 0.128, "key": 1, "loudness": -18.605, "mode": 0, "speechiness": 0.0489, "acousticness": 0.98, "instrumentalness": 0.94, "liveness": 0.106, "valence": 0.127, "tempo": 68.35, "type": "audio_features", "id": "1fk3Te0ZXxCWa9ehHtD7gY", "uri": "spotify:track:1fk3Te0ZXxCWa9ehHtD7gY", "track_href": "https://api.spotify.com/v1/tracks/1fk3Te0ZXxCWa9ehHtD7gY", "analysis_url": "https://api.spotify.com/v1/audio-analysis/1fk3Te0ZXxCWa9ehHtD7gY", "duration_ms": 235753, "time_signature": 4}, {"danceability": 0.388, "energy": 0.00269, "key": 4, "loudness": -32.97, "mode": 0, "speechiness": 0.0516, "acousticness": 0.995, "instrumentalness": 0.869, "liveness": 0.063, "valence": 0.0397, "tempo": 63.386, "type": "audio_features", "id": "1Xf4sNtMKc1xiUhuIPAUg2", "uri": "spotify:track:1Xf4sNtMKc1xiUhuIPAUg2", "track_href": "https://api.spotify.com/v1/tracks/1Xf4sNtMKc1xiUhuIPAUg2", "analysis_url": "https://api.spotify.com/v1/audio-analysis/1Xf4sNtMKc1xiUhuIPAUg2", "duration_ms": 146760, "time_signature": 4}, {"danceability": 0.274, "energy": 0.144, "key": 3, "loudness": -20.374, "mode": 1, "speechiness": 0.0372, "acousticness": 0.932, "instrumentalness": 0.916, "liveness": 0.111, "valence": 0.172, "tempo": 136.023, "type": "audio_features", "id": "322jQ92QZRnliN8VbQMsUh", "uri": "spotify:track:322jQ92QZRnliN8VbQMsUh", "track_href": "https://api.spotify.com/v1/tracks/322jQ92QZRnliN8VbQMsUh", "analysis_url": "https://api.spotify.com/v1/audio-analysis/322jQ92QZRnliN8VbQMsUh", "duration_ms": 192075, "time_signature": 4}, {"danceability": 0.622, "energy": 0.0165, "key": 4, "loudness": -22.314, "mode": 1, "speechiness": 0.0819, "acousticness": 0.994, "instrumentalness": 0.973, "liveness": 0.114, "valence": 0.336, "tempo": 131.393, "type": "audio_features", "id": "0hJ0XSaDXsgHelVg2I1wEB", "uri": "spotify:track:0hJ0XSaDXsgHelVg2I1wEB", "track_href": "https://api.spotify.com/v1/tracks/0hJ0XSaDXsgHelVg2I1wEB", "analysis_url": "https://api.spotify.com/v1/audio-analysis/0hJ0XSaDXsgHelVg2I1wEB", "duration_ms": 134294, "time_signature": 4}, {"danceability": 0.41, "energy": 0.0262, "key": 1, "loudness": -26.593, "mode": 0, "speechiness": 0.0384, "acousticness": 0.983, "instrumentalness": 0.925, "liveness": 0.123, "valence": 0.237, "tempo": 142.138, "type": "audio_features", "id": "1fvRueeK5f60hkG1VzoXXq", "uri": "spotify:track:1fvRueeK5f60hkG1VzoXXq", "track_href": "https://api.spotify.com/v1/tracks/1fvRueeK5f60hkG1VzoXXq", "analysis_url": "https://api.spotify.com/v1/audio-analysis/1fvRueeK5f60hkG1VzoXXq", "duration_ms": 78000, "time_signature": 3}, {"danceability": 0.312, "energy": 0.0268, "key": 7, "loudness": -26.537, "mode": 0, "speechiness": 0.0369, "acousticness": 0.994, "instrumentalness": 0.885, "liveness": 0.107, "valence": 0.188, "tempo": 68.524, "type": "audio_features", "id": "6c7uYlmHJtZPnenPjqG7Ir", "uri": "spotify:track:6c7uYlmHJtZPnenPjqG7Ir", "track_href": "https://api.spotify.com/v1/tracks/6c7uYlmHJtZPnenPjqG7Ir", "analysis_url": "https://api.spotify.com/v1/audio-analysis/6c7uYlmHJtZPnenPjqG7Ir", "duration_ms": 152000, "time_signature": 4}, {"danceability": 0.356, "energy": 0.00558, "key": 11, "loudness": -27.72, "mode": 1, "speechiness": 0.0417, "acousticness": 0.99, "instrumentalness": 0.934, "liveness": 0.0991, "valence": 0.122, "tempo": 70.012, "type": "audio_features", "id": "6h6runZeeczWEuEW2pFvYW", "uri": "spotify:track:6h6runZeeczWEuEW2pFvYW", "track_href": "https://api.spotify.com/v1/tracks/6h6runZeeczWEuEW2pFvYW", "analysis_url": "https://api.spotify.com/v1/audio-analysis/6h6runZeeczWEuEW2pFvYW", "duration_ms": 174521, "time_signature": 4}, {"danceability": 0.501, "energy": 0.0656, "key": 3, "loudness": -22.267, "mode": 0, "speechiness": 0.0603, "acousticness": 0.994, "instrumentalness": 0.97, "liveness": 0.115, "valence": 0.216, "tempo": 130.817, "type": "audio_features", "id": "2Ot0wNyE2knFO7P8jS4lia", "uri": "spotify:track:2Ot0wNyE2knFO7P8jS4lia", "track_href": "https://api.spotify.com/v1/tracks/2Ot0wNyE2knFO7P8jS4lia", "analysis_url": "https://api.spotify.com/v1/audio-analysis/2Ot0wNyE2knFO7P8jS4lia", "duration_ms": 98516, "time_signature": 3}, {"danceability": 0.429, "energy": 0.258, "key": 7, "loudness": -16.967, "mode": 0, "speechiness": 0.0549, "acousticness": 0.957, "instrumentalness": 0.893, "liveness": 0.115, "valence": 0.0972, "tempo": 78.809, "type": "audio_features", "id": "3Dgmyz32dxvtxvUTPS0CUI", "uri": "spotify:track:3Dgmyz32dxvtxvUTPS0CUI", "track_href": "https://api.spotify.com/v1/tracks/3Dgmyz32dxvtxvUTPS0CUI", "analysis_url": "https://api.spotify.com/v1/audio-analysis/3Dgmyz32dxvtxvUTPS0CUI", "duration_ms": 112353, "time_signature": 1}, {"danceability": 0.475, "energy": 0.0931, "key": 2, "loudness": -20.771, "mode": 0, "speechiness": 0.0532, "acousticness": 0.99, "instrumentalness": 0.951, "liveness": 0.0899, "valence": 0.188, "tempo": 134.217, "type": "audio_features", "id": "2CPnPnfbCMESaNpBQbeA0X", "uri": "spotify:track:2CPnPnfbCMESaNpBQbeA0X", "track_href": "https://api.spotify.com/v1/tracks/2CPnPnfbCMESaNpBQbeA0X", "analysis_url": "https://api.spotify.com/v1/audio-analysis/2CPnPnfbCMESaNpBQbeA0X", "duration_ms": 113307, "time_signature": 4}, {"danceability": 0.485, "energy": 0.0626, "key": 8, "loudness": -19.536, "mode": 1, "speechiness": 0.0375, "acousticness": 0.989, "instrumentalness": 0.9, "liveness": 0.111, "valence": 0.276, "tempo": 170.264, "type": "audio_features", "id": "77AixrPcd03tR4tWMHuxro", "uri": "spotify:track:77AixrPcd03tR4tWMHuxro", "track_href": "https://api.spotify.com/v1/tracks/77AixrPcd03tR4tWMHuxro", "analysis_url": "https://api.spotify.com/v1/audio-analysis/77AixrPcd03tR4tWMHuxro", "duration_ms": 203912, "time_signature": 3}, {"danceability": 0.416, "energy": 0.0723, "key": 9, "loudness": -32.674, "mode": 0, "speechiness": 0.0318, "acousticness": 0.994, "instrumentalness": 0.941, "liveness": 0.0875, "valence": 0.242, "tempo": 150.128, "type": "audio_features", "id": "1AaLnnQZRtfv58NQn7bLTe", "uri": "spotify:track:1AaLnnQZRtfv58NQn7bLTe", "track_href": "https://api.spotify.com/v1/tracks/1AaLnnQZRtfv58NQn7bLTe", "analysis_url": "https://api.spotify.com/v1/audio-analysis/1AaLnnQZRtfv58NQn7bLTe", "duration_ms": 111633, "time_signature": 4}, {"danceability": 0.235, "energy": 0.00362, "key": 3, "loudness": -37.822, "mode": 0, "speechiness": 0.0441, "acousticness": 0.995, "instrumentalness": 0.79, "liveness": 0.0956, "valence": 0.0885, "tempo": 69.677, "type": "audio_features", "id": "2kbruQXVXFmxxm4l75zuwy", "uri": "spotify:track:2kbruQXVXFmxxm4l75zuwy", "track_href": "https://api.spotify.com/v1/tracks/2kbruQXVXFmxxm4l75zuwy", "analysis_url": "https://api.spotify.com/v1/audio-analysis/2kbruQXVXFmxxm4l75zuwy", "duration_ms": 105941, "time_signature": 4}, {"danceability": 0.372, "energy": 0.021, "key": 1, "loudness": -24.919, "mode": 1, "speechiness": 0.0469, "acousticness": 0.994, "instrumentalness": 0.92, "liveness": 0.124, "valence": 0.047, "tempo": 74.025, "type": "audio_features", "id": "4XvTMTAYOR470Xm8oZyYdd", "uri": "spotify:track:4XvTMTAYOR470Xm8oZyYdd", "track_href": "https://api.spotify.com/v1/tracks/4XvTMTAYOR470Xm8oZyYdd", "analysis_url": "https://api.spotify.com/v1/audio-analysis/4XvTMTAYOR470Xm8oZyYdd", "duration_ms": 305241, "time_signature": 4}]