[{"danceability": 0.584, "energy": 0.889, "key": 1, "loudness": -5.941, "mode": 0, "speechiness": 0.0343, "acousticness": 0.0462, "instrumentalness": 0.828, "liveness": 0.309, "valence": 0.464, "tempo": 126.04, "type": "audio_features", "id": "5UqCQaDshqbIk3pkhy4Pjg", "uri": "spotify:track:5UqCQaDshqbIk3pkhy4Pjg", "track_href": "https://api.spotify.com/v1/tracks/5UqCQaDshqbIk3pkhy4Pjg", "analysis_url": "https://api.spotify.com/v1/audio-analysis/5UqCQaDshqbIk3pkhy4Pjg", "duration_ms": 199907, "time_signature": 4}, {"danceability": 0.596, "energy": 0.856, "key": 4, "loudness": -3.556, "mode": 0, "speechiness": 0.0346, "acousticness": 0.0211, "instrumentalness": 0.0178, "liveness": 0.141, "valence": 0.743, "tempo": 127.949, "type": "audio_features", "id": "6YUTL4dYpB9xZO5qExPf05", "uri": "spotify:track:6YUTL4dYpB9xZO5qExPf05", "track_href": "https://api.spotify.com/v1/tracks/6YUTL4dYpB9xZO5qExPf05", "analysis_url": "https://api.spotify.com/v1/audio-analysis/6YUTL4dYpB9xZO5qExPf05", "duration_ms": 222533, "time_signature": 4}, {"danceability": 0.604, "energy": 0.787, "key": 0, "loudness": -3.674, "mode": 0, "speechiness": 0.103, "acousticness": 0.0679, "instrumentalness": 0.15, "liveness": 0.127, "valence": 0.301, "tempo": 126.062, "type": "audio_features", "id": "0TDLuuLlV54CkRRUOahJb4", "uri": "spotify:track:0TDLuuLlV54CkRRUOahJb4", "track_href": "https://api.spotify.com/v1/tracks/0TDLuuLlV54CkRRUOahJb4", "analysis_url": "https://api.spotify.com/v1/audio-analysis/0TDLuuLlV54CkRRUOahJb4", "duration_ms": 245040, "time_signature": 4}, {"danceability": 0.532, "energy": 0.783, "key": 2, "loudness": -5.697, "mode": 1, "speechiness": 0.0523, "acousticness": 0.0038, "instrumentalness": 0.0012, "liveness": 0.161, "valence": 0.643, "tempo": 124.08, "type": "audio_features", "id": "4h8VwCb1MTGoLKueQ1WgbD", "uri": "spotify:track:4h8VwCb1MTGoLKueQ1WgbD", "track_href": "https://api.spotify.com/v1/tracks/4h8VwCb1MTGoLKueQ1WgbD", "analysis_url": "https://api.spotify.com/v1/audio-analysis/4h8VwCb1MTGoLKueQ1WgbD", "duration_ms": 247427, "time_signature": 4}, {"danceability": 0.723, "energy": 0.809, "key": 7, "loudness": -3.081, "mode": 0, "speechiness": 0.0625, "acousticness": 0.00346, "instrumentalness": 0.00123, "liveness": 0.565, "valence": 0.274, "tempo": 98.007, "type": "audio_features", "id": "5wldXGLEOoRXxMWJ8rIUWE", "uri": "spotify:track:5wldXGLEOoRXxMWJ8rIUWE", "track_href": "https://api.spotify.com/v1/tracks/5wldXGLEOoRXxMWJ8rIUWE", "analysis_url": "https://api.spotify.com/v1/audio-analysis/5wldXGLEOoRXxMWJ8rIUWE", "duration_ms": 176561, "time_signature": 4}, {"danceability": 0.752, "energy": 0.764, "key": 1, "loudness": -4.399, "mode": 1, "speechiness": 0.038, "acousticness": 0.0476, "instrumentalness": 9.44e-05, "liveness": 0.0543, "valence": 0.582, "tempo": 121.958, "type": "audio_features", "id": "21RzyxY3EFaxVy6K4RqaU9", "uri": "spotify:track:21RzyxY3EFaxVy6K4RqaU9", "track_href": "https://api.spotify.com/v1/tracks/21RzyxY3EFaxVy6K4RqaU9", "analysis_url": "https://api.spotify.com/v1/audio-analysis/21RzyxY3EFaxVy6K4RqaU9", "duration_ms": 163216, "time_signature": 4}, {"danceability": 0.545, "energy": 0.78, "key": 7, "loudness": -4.867, "mode": 0, "speechiness": 0.0436, "acousticness": 0.0309, "instrumentalness": 4.64e-05, "liveness": 0.0828, "valence": 0.458, "tempo": 125.014, "type": "audio_features", "id": "4RXpgGM7A4Hg7cFBoH5KyF", "uri": "spotify:track:4RXpgGM7A4Hg7cFBoH5KyF", "track_href": "https://api.spotify.com/v1/tracks/4RXpgGM7A4Hg7cFBoH5KyF", "analysis_url": "https://api.spotify.com/v1/audio-analysis/4RXpgGM7A4Hg7cFBoH5KyF", "duration_ms": 255093, "time_signature": 4}, {"danceability": 0.707, "energy": 0.924, "key": 7, "loudness": -2.842, "mode": 1, "speechiness": 0.031, "acousticness": 0.000972, "instrumentalness": 0.00703, "liveness": 0.204, "valence": 0.919, "tempo": 127.937, "type": "audio_features", "id": "1gihuPhrLraKYrJMAEONyc", "uri": "spotify:track:1gihuPhrLraKYrJMAEONyc", "track_href": "https://api.spotify.com/v1/tracks/1gihuPhrLraKYrJMAEONyc", "analysis_url": "https://api.spotify.com/v1/audio-analysis/1gihuPhrLraKYrJMAEONyc", "duration_ms": 206413, "time_signature": 4}, {"danceability": 0.571, "energy": 0.87, "key": 10, "loudness": -4.909, "mode": 1, "speechiness": 0.0845, "acousticness": 0.037, "instrumentalness": 2.14e-06, "liveness": 0.37, "valence": 0.493, "tempo": 135.439, "type": "audio_features", "id": "5XO5Q96eIRy0zB80H3QF5e", "uri": "spotify:track:5XO5Q96eIRy0zB80H3QF5e", "track_href": "https://api.spotify.com/v1/tracks/5XO5Q96eIRy0zB80H3QF5e", "analysis_url": "https://api.spotify.com/v1/audio-analysis/5XO5Q96eIRy0zB80H3QF5e", "duration_ms": 227067, "time_signature": 4}, {"danceability": 0.664, "energy": 0.714, "key": 7, "loudness": -6.645, "mode": 0, "speechiness": 0.111, "acousticness": 0.0353, "instrumentalness": 8.42e-06, "liveness": 0.0843, "valence": 0.71, "tempo": 101.969, "type": "audio_features", "id": "1MtUq6Wp1eQ8PC6BbPCj8P", "uri": "spotify:track:1MtUq6Wp1eQ8PC6BbPCj8P", "track_href": "https://api.spotify.com/v1/tracks/1MtUq6Wp1eQ8PC6BbPCj8P", "analysis_url": "https://api.spotify.com/v1/audio-analysis/1MtUq6Wp1eQ8PC6BbPCj8P", "duration_ms": 197933, "time_signature": 4}, {"danceability": 0.608, "energy": 0.798, "key": 6, "loudness": -5.092, "mode": 0, "speechiness": 0.0432, "acousticness": 0.0736, "instrumentalness": 0, "liveness": 0.156, "valence": 0.5, "tempo": 92.946, "type": "audio_features", "id": "7zsXy7vlHdItvUSH8EwQss", "uri": "spotify:track:7zsXy7vlHdItvUSH8EwQss", "track_href": "https://api.spotify.com/v1/tracks/7zsXy7vlHdItvUSH8EwQss", "analysis_url": "https://api.spotify.com/v1/audio-analysis/7zsXy7vlHdItvUSH8EwQss", "duration_ms": 185360, "time_signature": 4}, {"danceability": 0.78, "energy": 0.68, "key": 4, "loudness": -6.081, "mode": 1, "speechiness": 0.0305, "acousticness": 0.141, "instrumentalness": 1.2e-05, "liveness": 0.138, "valence": 0.594, "tempo": 118.026, "type": "audio_features", "id": "023OVLNzXhX0j7CxswUt6D", "uri": "spotify:track:023OVLNzXhX0j7CxswUt6D", "track_href": "https://api.spotify.com/v1/tracks/023OVLNzXhX0j7CxswUt6D", "analysis_url": "https://api.spotify.com/v1/audio-analysis/023OVLNzXhX0j7CxswUt6D", "duration_ms": 180560, "time_signature": 4}, {"danceability": 0.882, "energy": 0.965, "key": 4, "loudness": -0.818, "mode": 1, "speechiness": 0.13, "acousticness": 0.0136, "instrumentalness": 0.388, "liveness": 0.206, "valence": 0.759, "tempo": 128.129, "type": "audio_features", "id": "4f3NHOxgC8Bg21IJBg4cZ3", "uri": "spotify:track:4f3NHOxgC8Bg21IJBg4cZ3", "track_href": "https://api.spotify.com/v1/tracks/4f3NHOxgC8Bg21IJBg4cZ3", "analysis_url": "https://api.spotify.com/v1/audio-analysis/4f3NHOxgC8Bg21IJBg4cZ3", "duration_ms": 169160, "time_signature": 4}, {"danceability": 0.63, "energy": 0.629, "key": 9, "loudness": -6.12, "mode": 0, "speechiness": 0.0405, "acousticness": 0.000201, "instrumentalness": 0.011, "liveness": 0.0418, "valence": 0.398, "tempo": 128.986, "type": "audio_features", "id": "0pKTw4qlPTgZn0anwytcG6", "uri": "spotify:track:0pKTw4qlPTgZn0anwytcG6", "track_href": "https://api.spotify.com/v1/tracks/0pKTw4qlPTgZn0anwytcG6", "analysis_url": "https://api.spotify.com/v1/audio-analysis/0pKTw4qlPTgZn0anwytcG6", "duration_ms": 273095, "time_signature": 4}, {"danceability": 0.589, "energy": 0.651, "key": 6, "loudness": -5.097, "mode": 1, "speechiness": 0.0306, "acousticness": 0.0291, "instrumentalness": 3.2e-06, "liveness": 0.111, "valence": 0.166, "tempo": 90.011, "type": "audio_features", "id": "7gHs73wELdeycvS48JfIos", "uri": "spotify:track:7gHs73wELdeycvS48JfIos", "track_href": "https://api.spotify.com/v1/tracks/7gHs73wELdeycvS48JfIos", "analysis_url": "https://api.spotify.com/v1/audio-analysis/7gHs73wELdeycvS48JfIos", "duration_ms": 212627, "time_signature": 4}, {"danceability": 0.631, "energy": 0.927, "key": 9, "loudness": -2.787, "mode": 0, "speechiness": 0.0332, "acousticness": 0.199, "instrumentalness": 0.119, "liveness": 0.148, "valence": 0.465, "tempo": 123.962, "type": "audio_features", "id": "0azC730Exh71aQlOt9Zj3y", "uri": "spotify:track:0azC730Exh71aQlOt9Zj3y", "track_href": "https://api.spotify.com/v1/tracks/0azC730Exh71aQlOt9Zj3y", "analysis_url": "https://api.spotify.com/v1/audio-analysis/0azC730Exh71aQlOt9Zj3y", "duration_ms": 222160, "time_signature": 4}, {"danceability": 0.636, "energy": 0.533, "key": 0, "loudness": -6.539, "mode": 1, "speechiness": 0.0986, "acousticness": 0.12, "instrumentalness": 0, "liveness": 0.361, "valence": 0.453, "tempo": 99.851, "type": "audio_features", "id": "677RjvAT2lpYjo1Whczjzx", "uri": "spotify:track:677RjvAT2lpYjo1Whczjzx", "track_href": "https://api.spotify.com/v1/tracks/677RjvAT2lpYjo1Whczjzx", "analysis_url": "https://api.spotify.com/v1/audio-analysis/677RjvAT2lpYjo1Whczjzx", "duration_ms": 216587, "time_signature": 4}, {"danceability": 0.432, "energy": 0.781, "key": 4, "loudness": -4.038, "mode": 0, "speechiness": 0.0567, "acousticness": 0.041, "instrumentalness": 4.21e-06, "liveness": 0.0789, "valence": 0.197, "tempo": 139.432, "type": "audio_features", "id": "66hayvUbTotekKU3H4ta1f", "uri": "spotify:track:66hayvUbTotekKU3H4ta1f", "track_href": "https://api.spotify.com/v1/tracks/66hayvUbTotekKU3H4ta1f", "analysis_url": "https://api.spotify.com/v1/audio-analysis/66hayvUbTotekKU3H4ta1f", "duration_ms": 250286, "time_signature": 4}, {"danceability": 0.743, "energy": 0.766, "key": 0, "loudness": -6.375, "mode": 1, "speechiness": 0.0265, "acousticness": 0.0873, "instrumentalness": 0, "liveness": 0.509, "valence": 0.61, "tempo": 127.96, "type": "audio_features", "id": "4vp2J1l5RD4gMZwGFLfRAu", "uri": "spotify:track:4vp2J1l5RD4gMZwGFLfRAu", "track_href": "https://api.spotify.com/v1/tracks/4vp2J1l5RD4gMZwGFLfRAu", "analysis_url": "https://api.spotify.com/v1/audio-analysis/4vp2J1l5RD4gMZwGFLfRAu", "duration_ms": 289133, "time_signature": 4}, {"danceability": 0.644, "energy": 0.57, "key": 9, "loudness": -6.994, "mode": 1, "speechiness": 0.052, "acousticness": 0.484, "instrumentalness": 0, "liveness": 0.299, "valence": 0.527, "tempo": 113.945, "type": "audio_features", "id": "2mCF8L0brIs88eH6Kf2h9p", "uri": "spotify:track:2mCF8L0brIs88eH6Kf2h9p", "track_href": "https://api.spotify.com/v1/tracks/2mCF8L0brIs88eH6Kf2h9p", "analysis_url": "https://api.spotify.com/v1/audio-analysis/2mCF8L0brIs88eH6Kf2h9p", "duration_ms": 212424, "time_signature": 4}, {"danceability": 0.636, "energy": 0.815, "key": 5, "loudness": -5.098, "mode": 0, "speechiness": 0.0581, "acousticness": 0.0185, "instrumentalness": 0, "liveness": 0.163, "valence": 0.636, "tempo": 123.063, "type": "audio_features", "id": "5tf1VVWniHgryyumXyJM7w", "uri": "spotify:track:5tf1VVWniHgryyumXyJM7w", "track_href": "https://api.spotify.com/v1/tracks/5tf1VVWniHgryyumXyJM7w", "analysis_url": "https://api.spotify.com/v1/audio-analysis/5tf1VVWniHgryyumXyJM7w", "duration_ms": 219043, "time_signature": 4}, {"danceability": 0.813, "energy": 0.627, "key": 11, "loudness": -5.018, "mode": 0, "speechiness": 0.0486, "acousticness": 0.0771, "instrumentalness": 0.000616, "liveness": 0.131, "valence": 0.801, "tempo": 130.011, "type": "audio_features", "id": "6pL7puHxh1psrLzrAlobxQ", "uri": "spotify:track:6pL7puHxh1psrLzrAlobxQ", "track_href": "https://api.spotify.com/v1/tracks/6pL7puHxh1psrLzrAlobxQ", "analysis_url": "https://api.spotify.com/v1/audio-analysis/6pL7puHxh1psrLzrAlobxQ", "duration_ms": 195853, "time_signature": 4}, {"danceability": 0.533, "energy": 0.869, "key": 11, "loudness": -5.093, "mode": 1, "speechiness": 0.173, "acousticness": 0.156, "instrumentalness": 0.00538, "liveness": 0.136, "valence": 0.425, "tempo": 159.805, "type": "audio_features", "id": "1i1fxkWeaMmKEB4T7zqbzK", "uri": "spotify:track:1i1fxkWeaMmKEB4T7zqbzK", "track_href": "https://api.spotify.com/v1/tracks/1i1fxkWeaMmKEB4T7zqbzK", "analysis_url": "https://api.spotify.com/v1/audio-analysis/1i1fxkWeaMmKEB4T7zqbzK", "duration_ms": 208373, "time_signature": 4}, {"danceability": 0.561, "energy": 0.87, "key": 8, "loudness": -6.103, "mode": 1, "speechiness": 0.343, "acousticness": 0.0015, "instrumentalness": 2.82e-06, "liveness": 0.246, "valence": 0.498, "tempo": 129.98, "type": "audio_features", "id": "4dTaAiV9xFFCxnPur9c9yL", "uri": "spotify:track:4dTaAiV9xFFCxnPur9c9yL", "track_href": "https://api.spotify.com/v1/tracks/4dTaAiV9xFFCxnPur9c9yL", "analysis_url": "https://api.spotify.com/v1/audio-analysis/4dTaAiV9xFFCxnPur9c9yL", "duration_ms": 210093, "time_signature": 4}, {"danceability": 0.735, "energy": 0.766, "key": 1, "loudness": -4.485, "mode": 1, "speechiness": 0.0384, "acousticness": 0.025, "instrumentalness": 0.00141, "liveness": 0.108, "valence": 0.6, "tempo": 127.975, "type": "audio_features", "id": "6qn9YLKt13AGvpq9jfO8py", "uri": "spotify:track:6qn9YLKt13AGvpq9jfO8py", "track_href": "https://api.spotify.com/v1/tracks/6qn9YLKt13AGvpq9jfO8py", "analysis_url": "https://api.spotify.com/v1/audio-analysis/6qn9YLKt13AGvpq9jfO8py", "duration_ms": 215227, "time_signature": 4}, {"danceability": 0.758, "energy": 0.686, "key": 11, "loudness": -6.346, "mode": 1, "speechiness": 0.0792, "acousticness": 0.0848, "instrumentalness": 0.00133, "liveness": 0.142, "valence": 0.444, "tempo": 130.008, "type": "audio_features", "id": "0Oe49j06Bjrxs8PltuVeaW", "uri": "spotify:track:0Oe49j06Bjrxs8PltuVeaW", "track_href": "https://api.spotify.com/v1/tracks/0Oe49j06Bjrxs8PltuVeaW", "analysis_url": "https://api.spotify.com/v1/audio-analysis/0Oe49j06Bjrxs8PltuVeaW", "duration_ms": 230907, "time_signature": 4}, {"danceability": 0.671, "energy": 0.939, "key": 8, "loudness": -3.206, "mode": 1, "speechiness": 0.161, "acousticness": 0.191, "instrumentalness": 0, "liveness": 0.298, "valence": 0.53, "tempo": 129.024, "type": "audio_features", "id": "4QNpBfC0zvjKqPJcyqBy9W", "uri": "spotify:track:4QNpBfC0zvjKqPJcyqBy9W", "track_href": "https://api.spotify.com/v1/tracks/4QNpBfC0zvjKqPJcyqBy9W", "analysis_url": "https://api.spotify.com/v1/audio-analysis/4QNpBfC0zvjKqPJcyqBy9W", "duration_ms": 252307, "time_signature": 4}, {"danceability": 0.666, "energy": 0.877, "key": 0, "loudness": -4.657, "mode": 0, "speechiness": 0.0446, "acousticness": 0.0277, "instrumentalness": 1.15e-05, "liveness": 0.142, "valence": 0.272, "tempo": 125.989, "type": "audio_features", "id": "3rDFqo8yv93PtTmdOYOPzX", "uri": "spotify:track:3rDFqo8yv93PtTmdOYOPzX", "track_href": "https://api.spotify.com/v1/tracks/3rDFqo8yv93PtTmdOYOPzX", "analysis_url": "https://api.spotify.com/v1/audio-analysis/3rDFqo8yv93PtTmdOYOPzX", "duration_ms": 231653, "time_signature": 4}, {"danceability": 0.772, "energy": 0.685, "key": 5, "loudness": -6.849, "mode": 1, "speechiness": 0.0696, "acousticness": 0.019, "instrumentalness": 8.96e-05, "liveness": 0.131, "valence": 0.501, "tempo": 130.039, "type": "audio_features", "id": "5r6YGzvr9oZGVK6QVbh0HB", "uri": "spotify:track:5r6YGzvr9oZGVK6QVbh0HB", "track_href": "https://api.spotify.com/v1/tracks/5r6YGzvr9oZGVK6QVbh0HB", "analysis_url": "https://api.spotify.com/v1/audio-analysis/5r6YGzvr9oZGVK6QVbh0HB", "duration_ms": 283400, "time_signature": 4}, {"danceability": 0.829, "energy": 0.51, "key": 5, "loudness": -9.334, "mode": 0, "speechiness": 0.0369, "acousticness": 0.00821, "instrumentalness": 0.0014, "liveness": 0.0829, "valence": 0.45, "tempo": 119.993, "type": "audio_features", "id": "5Sf3GyLEAzJXxZ5mbCPXTu", "uri": "spotify:track:5Sf3GyLEAzJXxZ5mbCPXTu", "track_href": "https://api.spotify.com/v1/tracks/5Sf3GyLEAzJXxZ5mbCPXTu", "analysis_url": "https://api.spotify.com/v1/audio-analysis/5Sf3GyLEAzJXxZ5mbCPXTu", "duration_ms": 208133, "time_signature": 4}, {"danceability": 0.763, "energy": 0.875, "key": 9, "loudness": -5.797, "mode": 0, "speechiness": 0.0262, "acousticness": 0.024, "instrumentalness": 5.41e-06, "liveness": 0.599, "valence": 0.8, "tempo": 123.013, "type": "audio_features", "id": "5fnA9mkIfScSqHIpeDyvck", "uri": "spotify:track:5fnA9mkIfScSqHIpeDyvck", "track_href": "https://api.spotify.com/v1/tracks/5fnA9mkIfScSqHIpeDyvck", "analysis_url": "https://api.spotify.com/v1/audio-analysis/5fnA9mkIfScSqHIpeDyvck", "duration_ms": 189413, "time_signature": 4}, {"danceability": 0.544, "energy": 0.915, "key": 8, "loudness": -3.405, "mode": 1, "speechiness": 0.0841, "acousticness": 0.129, "instrumentalness": 0.000914, "liveness": 0.115, "valence": 0.51, "tempo": 126.094, "type": "audio_features", "id": "4J7CKHCF3mdL4diUsmW8lq", "uri": "spotify:track:4J7CKHCF3mdL4diUsmW8lq", "track_href": "https://api.spotify.com/v1/tracks/4J7CKHCF3mdL4diUsmW8lq", "analysis_url": "https://api.spotify.com/v1/audio-analysis/4J7CKHCF3mdL4diUsmW8lq", "duration_ms": 184280, "time_signature": 4}, {"danceability": 0.414, "energy": 0.857, "key": 0, "loudness": -4.078, "mode": 0, "speechiness": 0.0808, "acousticness": 0.0287, "instrumentalness": 0.00574, "liveness": 0.343, "valence": 0.348, "tempo": 128.024, "type": "audio_features", "id": "07nH4ifBxUB4lZcsf44Brn", "uri": "spotify:track:07nH4ifBxUB4lZcsf44Brn", "track_href": "https://api.spotify.com/v1/tracks/07nH4ifBxUB4lZcsf44Brn", "analysis_url": "https://api.spotify.com/v1/audio-analysis/07nH4ifBxUB4lZcsf44Brn", "duration_ms": 212960, "time_signature": 4}, {"danceability": 0.596, "energy": 0.952, "key": 7, "loudness": -4.364, "mode": 1, "speechiness": 0.0873, "acousticness": 0.00131, "instrumentalness": 0, "liveness": 0.598, "valence": 0.571, "tempo": 127.945, "type": "audio_features", "id": "7B1Dl3tXqySkB8OPEwVvSu", "uri": "spotify:track:7B1Dl3tXqySkB8OPEwVvSu", "track_href": "https://api.spotify.com/v1/tracks/7B1Dl3tXqySkB8OPEwVvSu", "analysis_url": "https://api.spotify.com/v1/audio-analysis/7B1Dl3tXqySkB8OPEwVvSu", "duration_ms": 234360, "time_signature": 4}, {"danceability": 0.695, "energy": 0.869, "key": 8, "loudness": -5.066, "mode": 1, "speechiness": 0.0483, "acousticness": 0.41, "instrumentalness": 0, "liveness": 0.237, "valence": 0.58, "tempo": 124.989, "type": "audio_features", "id": "05SBRd4fXgn8FX7bf8BCAE", "uri": "spotify:track:05SBRd4fXgn8FX7bf8BCAE", "track_href": "https://api.spotify.com/v1/tracks/05SBRd4fXgn8FX7bf8BCAE", "analysis_url": "https://api.spotify.com/v1/audio-analysis/05SBRd4fXgn8FX7bf8BCAE", "duration_ms": 234507, "time_signature": 4}, {"danceability": 0.614, "energy": 0.972, "key": 5, "loudness": -3.927, "mode": 0, "speechiness": 0.088, "acousticness": 0.00125, "instrumentalness": 0.0186, "liveness": 0.328, "valence": 0.411, "tempo": 127.966, "type": "audio_features", "id": "7L97R04c6ZaPlU8xSxibQp", "uri": "spotify:track:7L97R04c6ZaPlU8xSxibQp", "track_href": "https://api.spotify.com/v1/tracks/7L97R04c6ZaPlU8xSxibQp", "analysis_url": "https://api.spotify.com/v1/audio-analysis/7L97R04c6ZaPlU8xSxibQp", "duration_ms": 170625, "time_signature": 4}, {"danceability": 0.573, "energy": 0.929, "key": 8, "loudness": -3.942, "mode": 0, "speechiness": 0.109, "acousticness": 0.197, "instrumentalness": 0.000112, "liveness": 0.0567, "valence": 0.582, "tempo": 127.934, "type": "audio_features", "id": "24LS4lQShWyixJ0ZrJXfJ5", "uri": "spotify:track:24LS4lQShWyixJ0ZrJXfJ5", "track_href": "https://api.spotify.com/v1/tracks/24LS4lQShWyixJ0ZrJXfJ5", "analysis_url": "https://api.spotify.com/v1/audio-analysis/24LS4lQShWyixJ0ZrJXfJ5", "duration_ms": 212560, "time_signature": 4}, {"danceability": 0.71, "energy": 0.882, "key": 4, "loudness": -2.932, "mode": 0, "speechiness": 0.0595, "acousticness": 0.00777, "instrumentalness": 0.00771, "liveness": 0.294, "valence": 0.875, "tempo": 128.016, "type": "audio_features", "id": "4wkQmYpAaMe41Rc3sYZ7Vz", "uri": "spotify:track:4wkQmYpAaMe41Rc3sYZ7Vz", "track_href": "https://api.spotify.com/v1/tracks/4wkQmYpAaMe41Rc3sYZ7Vz", "analysis_url": "https://api.spotify.com/v1/audio-analysis/4wkQmYpAaMe41Rc3sYZ7Vz", "duration_ms": 232800, "time_signature": 4}, {"danceability": 0.347, "energy": 0.772, "key": 5, "loudness": -4.359, "mode": 0, "speechiness": 0.0549, "acousticness": 0.0597, "instrumentalness": 0.0333, "liveness": 0.115, "valence": 0.035, "tempo": 192.118, "type": "audio_features", "id": "62yjOWjA3tb65zgQWdFNx7", "uri": "spotify:track:62yjOWjA3tb65zgQWdFNx7", "track_href": "https://api.spotify.com/v1/tracks/62yjOWjA3tb65zgQWdFNx7", "analysis_url": "https://api.spotify.com/v1/audio-analysis/62yjOWjA3tb65zgQWdFNx7", "duration_ms": 191412, "time_signature": 3}, {"danceability": 0.645, "energy": 0.891, "key": 6, "loudness": -2.505, "mode": 0, "speechiness": 0.0387, "acousticness": 0.0932, "instrumentalness": 3.88e-06, "liveness": 0.379, "valence": 0.568, "tempo": 124.915, "type": "audio_features", "id": "6IQPONuERifb4i4Syhmbq6", "uri": "spotify:track:6IQPONuERifb4i4Syhmbq6", "track_href": "https://api.spotify.com/v1/tracks/6IQPONuERifb4i4Syhmbq6", "analysis_url": "https://api.spotify.com/v1/audio-analysis/6IQPONuERifb4i4Syhmbq6", "duration_ms": 203520, "time_signature": 4}, {"danceability": 0.492, "energy": 0.857, "key": 7, "loudness": -2.634, "mode": 1, "speechiness": 0.0655, "acousticness": 0.0841, "instrumentalness": 7.82e-06, "liveness": 0.344, "valence": 0.393, "tempo": 129.973, "type": "audio_features", "id": "1SgdUjvppHnIp6L7DZSnwc", "uri": "spotify:track:1SgdUjvppHnIp6L7DZSnwc", "track_href": "https://api.spotify.com/v1/tracks/1SgdUjvppHnIp6L7DZSnwc", "analysis_url": "https://api.spotify.com/v1/audio-analysis/1SgdUjvppHnIp6L7DZSnwc", "duration_ms": 222500, "time_signature": 4}, {"danceability": 0.608, "energy": 0.614, "key": 2, "loudness": -3.727, "mode": 1, "speechiness": 0.0285, "acousticness": 0.227, "instrumentalness": 4.06e-06, "liveness": 0.157, "valence": 0.402, "tempo": 127.884, "type": "audio_features", "id": "3UN6cIn3VIyg0z1LCuFSum", "uri": "spotify:track:3UN6cIn3VIyg0z1LCuFSum", "track_href": "https://api.spotify.com/v1/tracks/3UN6cIn3VIyg0z1LCuFSum", "analysis_url": "https://api.spotify.com/v1/audio-analysis/3UN6cIn3VIyg0z1LCuFSum", "duration_ms": 208133, "time_signature": 4}, {"danceability": 0.691, "energy": 0.921, "key": 8, "loudness": -1.702, "mode": 0, "speechiness": 0.0533, "acousticness": 0.173, "instrumentalness": 0, "liveness": 0.331, "valence": 0.8, "tempo": 130.072, "type": "audio_features", "id": "5YPMEOJ58kfl56VHxTgwx3", "uri": "spotify:track:5YPMEOJ58kfl56VHxTgwx3", "track_href": "https://api.spotify.com/v1/tracks/5YPMEOJ58kfl56VHxTgwx3", "analysis_url": "https://api.spotify.com/v1/audio-analysis/5YPMEOJ58kfl56VHxTgwx3", "duration_ms": 201000, "time_signature": 4}, {"danceability": 0.666, "energy": 0.876, "key": 3, "loudness": -3.078, "mode": 1, "speechiness": 0.0414, "acousticness": 0.055, "instrumentalness": 0, "liveness": 0.259, "valence": 0.552, "tempo": 129.884, "type": "audio_features", "id": "7ks6AZmFcm3Y6PGGxGSmlB", "uri": "spotify:track:7ks6AZmFcm3Y6PGGxGSmlB", "track_href": "https://api.spotify.com/v1/tracks/7ks6AZmFcm3Y6PGGxGSmlB", "analysis_url": "https://api.spotify.com/v1/audio-analysis/7ks6AZmFcm3Y6PGGxGSmlB", "duration_ms": 194840, "time_signature": 4}, {"danceability": 0.668, "energy": 0.829, "key": 11, "loudness": -2.748, "mode": 0, "speechiness": 0.0334, "acousticness": 0.00572, "instrumentalness": 0, "liveness": 0.358, "valence": 0.648, "tempo": 127.0, "type": "audio_features", "id": "55VzNhbcf0Gxf6qRCUAV01", "uri": "spotify:track:55VzNhbcf0Gxf6qRCUAV01", "track_href": "https://api.spotify.com/v1/tracks/55VzNhbcf0Gxf6qRCUAV01", "analysis_url": "https://api.spotify.com/v1/audio-analysis/55VzNhbcf0Gxf6qRCUAV01", "duration_ms": 192276, "time_signature": 4}, {"danceability": 0.822, "energy": 0.749, "key": 7, "loudness": -5.563, "mode": 1, "speechiness": 0.0285, "acousticness": 0.0697, "instrumentalness": 0.000273, "liveness": 0.0732, "valence": 0.707, "tempo": 130.005, "type": "audio_features", "id": "7LpT54RUvN0IvDGIxiwHwS", "uri": "spotify:track:7LpT54RUvN0IvDGIxiwHwS", "track_href": "https://api.spotify.com/v1/tracks/7LpT54RUvN0IvDGIxiwHwS", "analysis_url": "https://api.spotify.com/v1/audio-analysis/7LpT54RUvN0IvDGIxiwHwS", "duration_ms": 196453, "time_signature": 4}, {"danceability": 0.621, "energy": 0.924, "key": 7, "loudness": -5.16, "mode": 1, "speechiness": 0.0448, "acousticness": 0.00635, "instrumentalness": 0.797, "liveness": 0.187, "valence": 0.64, "tempo": 127.916, "type": "audio_features", "id": "7k271swC1weiuiU0pI8kxw", "uri": "spotify:track:7k271swC1weiuiU0pI8kxw", "track_href": "https://api.spotify.com/v1/tracks/7k271swC1weiuiU0pI8kxw", "analysis_url": "https://api.spotify.com/v1/audio-analysis/7k271swC1weiuiU0pI8kxw", "duration_ms": 188134, "time_signature": 4}, {"danceability": 0.523, "energy": 0.861, "key": 0, "loudness": -3.447, "mode": 1, "speechiness": 0.0644, "acousticness": 0.0336, "instrumentalness": 0, "liveness": 0.144, "valence": 0.346, "tempo": 127.049, "type": "audio_features", "id": "2ldAdghnrO34HPcZ0IWfTu", "uri": "spotify:track:2ldAdghnrO34HPcZ0IWfTu", "track_href": "https://api.spotify.com/v1/tracks/2ldAdghnrO34HPcZ0IWfTu", "analysis_url": "https://api.spotify.com/v1/audio-analysis/2ldAdghnrO34HPcZ0IWfTu", "duration_ms": 229149, "time_signature": 4}, {"danceability": 0.711, "energy": 0.831, "key": 0, "loudness": -3.211, "mode": 0, "speechiness": 0.0909, "acousticness": 0.218, "instrumentalness": 0, "liveness": 0.6, "valence": 0.653, "tempo": 130.025, "type": "audio_features", "id": "5EzaAqVMIcq1iT7t9e6a3Y", "uri": "spotify:track:5EzaAqVMIcq1iT7t9e6a3Y", "track_href": "https://api.spotify.com/v1/tracks/5EzaAqVMIcq1iT7t9e6a3Y", "analysis_url": "https://api.spotify.com/v1/audio-analysis/5EzaAqVMIcq1iT7t9e6a3Y", "duration_ms": 204767, "time_signature": 4}, {"danceability": 0.793, "energy": 0.87, "key": 2, "loudness": -6.419, "mode": 1, "speechiness": 0.129, "acousticness": 0.00365, "instrumentalness": 0.000669, "liveness": 0.139, "valence": 0.45, "tempo": 125.991, "type": "audio_features", "id": "3KzKD5EYiPcpIpEzljJ4Mo", "uri": "spotify:track:3KzKD5EYiPcpIpEzljJ4Mo", "track_href": "https://api.spotify.com/v1/tracks/3KzKD5EYiPcpIpEzljJ4Mo", "analysis_url": "https://api.spotify.com/v1/audio-analysis/3KzKD5EYiPcpIpEzljJ4Mo", "duration_ms": 391707, "time_signature": 4}, {"danceability": 0.579, "energy": 0.736, "key": 6, "loudness": -3.863, "mode": 0, "speechiness": 0.0527, "acousticness": 0.31, "instrumentalness": 0, "liveness": 0.198, "valence": 0.613, "tempo": 127.999, "type": "audio_features", "id": "2P4OICZRVAQcYAV2JReRfj", "uri": "spotify:track:2P4OICZRVAQcYAV2JReRfj", "track_href": "https://api.spotify.com/v1/tracks/2P4OICZRVAQcYAV2JReRfj", "analysis_url": "https://api.spotify.com/v1/audio-analysis/2P4OICZRVAQcYAV2JReRfj", "duration_ms": 230613, "time_signature": 4}, {"danceability": 0.569, "energy": 0.785, "key": 1, "loudness": -4.057, "mode": 0, "speechiness": 0.0457, "acousticness": 0.0505, "instrumentalness": 1.12e-06, "liveness": 0.086, "valence": 0.303, "tempo": 128.031, "type": "audio_features", "id": "5GayeBzzXIEl6fY0cP42Z1", "uri": "spotify:track:5GayeBzzXIEl6fY0cP42Z1", "track_href": "https://api.spotify.com/v1/tracks/5GayeBzzXIEl6fY0cP42Z1", "analysis_url": "https://api.spotify.com/v1/audio-analysis/5GayeBzzXIEl6fY0cP42Z1", "duration_ms": 148387, "time_signature": 4}, {"danceability": 0.527, "energy": 0.835, "key": 6, "loudness": -5.298, "mode": 1, "speechiness": 0.0433, "acousticness": 0.0166, "instrumentalness": 0, "liveness": 0.249, "valence": 0.654, "tempo": 125.983, "type": "audio_features", "id": "0ct6r3EGTcMLPtrXHDvVjc", "uri": "spotify:track:0ct6r3EGTcMLPtrXHDvVjc", "track_href": "https://api.spotify.com/v1/tracks/0ct6r3EGTcMLPtrXHDvVjc", "analysis_url": "https://api.spotify.com/v1/audio-analysis/0ct6r3EGTcMLPtrXHDvVjc", "duration_ms": 176658, "time_signature": 4}, {"danceability": 0.612, "energy": 0.84, "key": 11, "loudness": -3.145, "mode": 0, "speechiness": 0.0509, "acousticness": 0.112, "instrumentalness": 0, "liveness": 0.116, "valence": 0.438, "tempo": 129.042, "type": "audio_features", "id": "2V65y3PX4DkRhy1djlxd9p", "uri": "spotify:track:2V65y3PX4DkRhy1djlxd9p", "track_href": "https://api.spotify.com/v1/tracks/2V65y3PX4DkRhy1djlxd9p", "analysis_url": "https://api.spotify.com/v1/audio-analysis/2V65y3PX4DkRhy1djlxd9p", "duration_ms": 212862, "time_signature": 4}, {"danceability": 0.507, "energy": 0.665, "key": 0, "loudness": -7.598, "mode": 1, "speechiness": 0.0474, "acousticness": 0.0144, "instrumentalness": 0, "liveness": 0.0759, "valence": 0.4, "tempo": 126.879, "type": "audio_features", "id": "65hRZOQkVjmBdusz1N7aOv", "uri": "spotify:track:65hRZOQkVjmBdusz1N7aOv", "track_href": "https://api.spotify.com/v1/tracks/65hRZOQkVjmBdusz1N7aOv", "analysis_url": "https://api.spotify.com/v1/audio-analysis/65hRZOQkVjmBdusz1N7aOv", "duration_ms": 213338, "time_signature": 4}, {"danceability": 0.723, "energy": 0.806, "key": 0, "loudness": -4.989, "mode": 1, "speechiness": 0.0521, "acousticness": 0.00666, "instrumentalness": 0.876, "liveness": 0.276, "valence": 0.539, "tempo": 124.976, "type": "audio_features", "id": "0VffaI2jwQknRrxpECYHsF", "uri": "spotify:track:0VffaI2jwQknRrxpECYHsF", "track_href": "https://api.spotify.com/v1/tracks/0VffaI2jwQknRrxpECYHsF", "analysis_url": "https://api.spotify.com/v1/audio-analysis/0VffaI2jwQknRrxpECYHsF", "duration_ms": 410097, "time_signature": 4}, {"danceability": 0.733, "energy": 0.673, "key": 9, "loudness": -6.572, "mode": 0, "speechiness": 0.0333, "acousticness": 0.0132, "instrumentalness": 0.0049, "liveness": 0.16, "valence": 0.636, "tempo": 125.061, "type": "audio_features", "id": "1qZMPmpD1jDcOA7gZ6TCde", "uri": "spotify:track:1qZMPmpD1jDcOA7gZ6TCde", "track_href": "https://api.spotify.com/v1/tracks/1qZMPmpD1jDcOA7gZ6TCde", "analysis_url": "https://api.spotify.com/v1/audio-analysis/1qZMPmpD1jDcOA7gZ6TCde", "duration_ms": 163247, "time_signature": 4}, {"danceability": 0.736, "energy": 0.929, "key": 7, "loudness": -5.89, "mode": 0, "speechiness": 0.0674, "acousticness": 0.00237, "instrumentalness": 1.11e-05, "liveness": 0.402, "valence": 0.658, "tempo": 125.03, "type": "audio_features", "id": "7gWSWDBriMK7YKefAe4NMP", "uri": "spotify:track:7gWSWDBriMK7YKefAe4NMP", "track_href": "https://api.spotify.com/v1/tracks/7gWSWDBriMK7YKefAe4NMP", "analysis_url": "https://api.spotify.com/v1/audio-analysis/7gWSWDBriMK7YKefAe4NMP", "duration_ms": 206461, "time_signature": 4}, {"danceability": 0.509, "energy": 0.79, "key": 6, "loudness": -3.782, "mode": 0, "speechiness": 0.0374, "acousticness": 0.332, "instrumentalness": 6.67e-05, "liveness": 0.316, "valence": 0.638, "tempo": 127.946, "type": "audio_features", "id": "1sh6lL6cmlcwhqZKGiKBua", "uri": "spotify:track:1sh6lL6cmlcwhqZKGiKBua", "track_href": "https://api.spotify.com/v1/tracks/1sh6lL6cmlcwhqZKGiKBua", "analysis_url": "https://api.spotify.com/v1/audio-analysis/1sh6lL6cmlcwhqZKGiKBua", "duration_ms": 208316, "time_signature": 4}, {"danceability": 0.759, "energy": 0.935, "key": 7, "loudness": -4.754, "mode": 1, "speechiness": 0.0843, "acousticness": 0.102, "instrumentalness": 0.000536, "liveness": 0.323, "valence": 0.539, "tempo": 127.985, "type": "audio_features", "id": "4Sy9QLMx0rhVyqy8Im2ZAG", "uri": "spotify:track:4Sy9QLMx0rhVyqy8Im2ZAG", "track_href": "https://api.spotify.com/v1/tracks/4Sy9QLMx0rhVyqy8Im2ZAG", "analysis_url": "https://api.spotify.com/v1/audio-analysis/4Sy9QLMx0rhVyqy8Im2ZAG", "duration_ms": 118594, "time_signature": 4}, {"danceability": 0.581, "energy": 0.877, "key": 3, "loudness": -3.595, "mode": 0, "speechiness": 0.0486, "acousticness": 0.0172, "instrumentalness": 0, "liveness": 0.248, "valence": 0.35, "tempo": 127.952, "type": "audio_features", "id": "1UPyhGntpIx9jGJ5UVtKVS", "uri": "spotify:track:1UPyhGntpIx9jGJ5UVtKVS", "track_href": "https://api.spotify.com/v1/tracks/1UPyhGntpIx9jGJ5UVtKVS", "analysis_url": "https://api.spotify.com/v1/audio-analysis/1UPyhGntpIx9jGJ5UVtKVS", "duration_ms": 189375, "time_signature": 4}, {"danceability": 0.56, "energy": 0.742, "key": 9, "loudness": -6.122, "mode": 1, "speechiness": 0.0666, "acousticness": 0.015, "instrumentalness": 0.0134, "liveness": 0.639, "valence": 0.275, "tempo": 128.06, "type": "audio_features", "id": "2voXYNGH8QdnFptUePZ0zF", "uri": "spotify:track:2voXYNGH8QdnFptUePZ0zF", "track_href": "https://api.spotify.com/v1/tracks/2voXYNGH8QdnFptUePZ0zF", "analysis_url": "https://api.spotify.com/v1/audio-analysis/2voXYNGH8QdnFptUePZ0zF", "duration_ms": 209766, "time_signature": 4}, {"danceability": 0.609, "energy": 0.963, "key": 0, "loudness": -5.255, "mode": 1, "speechiness": 0.0595, "acousticness": 0.005, "instrumentalness": 0.868, "liveness": 0.0959, "valence": 0.282, "tempo": 127.984, "type": "audio_features", "id": "7rcPSUrgP1u4ZnBBpJUHUc", "uri": "spotify:track:7rcPSUrgP1u4ZnBBpJUHUc", "track_href": "https://api.spotify.com/v1/tracks/7rcPSUrgP1u4ZnBBpJUHUc", "analysis_url": "https://api.spotify.com/v1/audio-analysis/7rcPSUrgP1u4ZnBBpJUHUc", "duration_ms": 204844, "time_signature": 4}, {"danceability": 0.575, "energy": 0.985, "key": 6, "loudness": -3.493, "mode": 1, "speechiness": 0.0747, "acousticness": 0.00379, "instrumentalness": 0.155, "liveness": 0.0471, "valence": 0.0762, "tempo": 129.956, "type": "audio_features", "id": "1NM2NUzlN9SY8z5k4ZfRJB", "uri": "spotify:track:1NM2NUzlN9SY8z5k4ZfRJB", "track_href": "https://api.spotify.com/v1/tracks/1NM2NUzlN9SY8z5k4ZfRJB", "analysis_url": "https://api.spotify.com/v1/audio-analysis/1NM2NUzlN9SY8z5k4ZfRJB", "duration_ms": 180923, "time_signature": 4}, {"danceability": 0.59, "energy": 0.647, "key": 6, "loudness": -5.06, "mode": 0, "speechiness": 0.033, "acousticness": 0.00807, "instrumentalness": 4.3e-05, "liveness": 0.0921, "valence": 0.39, "tempo": 127.979, "type": "audio_features", "id": "44EbX1Cuwpq3hdnpTHsmfO", "uri": "spotify:track:44EbX1Cuwpq3hdnpTHsmfO", "track_href": "https://api.spotify.com/v1/tracks/44EbX1Cuwpq3hdnpTHsmfO", "analysis_url": "https://api.spotify.com/v1/audio-analysis/44EbX1Cuwpq3hdnpTHsmfO", "duration_ms": 192307, "time_signature": 4}, {"danceability": 0.551, "energy": 0.833, "key": 8, "loudness": -5.217, "mode": 1, "speechiness": 0.03, "acousticness": 0.0391, "instrumentalness": 2.77e-06, "liveness": 0.0632, "valence": 0.145, "tempo": 129.885, "type": "audio_features", "id": "5GjnIpUlLGEIYk052ISOw9", "uri": "spotify:track:5GjnIpUlLGEIYk052ISOw9", "track_href": "https://api.spotify.com/v1/tracks/5GjnIpUlLGEIYk052ISOw9", "analysis_url": "https://api.spotify.com/v1/audio-analysis/5GjnIpUlLGEIYk052ISOw9", "duration_ms": 204360, "time_signature": 5}, {"danceability": 0.63, "energy": 0.943, "key": 6, "loudness": -4.185, "mode": 0, "speechiness": 0.0365, "acousticness": 0.000328, "instrumentalness": 0.726, "liveness": 0.938, "valence": 0.409, "tempo": 127.976, "type": "audio_features", "id": "6jMZ5rN6SCEBWmSY01yhrE", "uri": "spotify:track:6jMZ5rN6SCEBWmSY01yhrE", "track_href": "https://api.spotify.com/v1/tracks/6jMZ5rN6SCEBWmSY01yhrE", "analysis_url": "https://api.spotify.com/v1/audio-analysis/6jMZ5rN6SCEBWmSY01yhrE", "duration_ms": 294375, "time_signature": 4}, {"danceability": 0.712, "energy": 0.612, "key": 7, "loudness": -6.253, "mode": 1, "speechiness": 0.0744, "acousticness": 0.242, "instrumentalness": 3.98e-05, "liveness": 0.151, "valence": 0.56, "tempo": 124.937, "type": "audio_features", "id": "2q0QTL9wU02rivRg1xhq5G", "uri": "spotify:track:2q0QTL9wU02rivRg1xhq5G", "track_href": "https://api.spotify.com/v1/tracks/2q0QTL9wU02rivRg1xhq5G", "analysis_url": "https://api.spotify.com/v1/audio-analysis/2q0QTL9wU02rivRg1xhq5G", "duration_ms": 174010, "time_signature": 4}, {"danceability": 0.729, "energy": 0.947, "key": 11, "loudness": -3.103, "mode": 0, "speechiness": 0.0458, "acousticness": 0.211, "instrumentalness": 0.822, "liveness": 0.367, "valence": 0.209, "tempo": 130.005, "type": "audio_features", "id": "5ESLeVOGgHR9Hv3TYPEErm", "uri": "spotify:track:5ESLeVOGgHR9Hv3TYPEErm", "track_href": "https://api.spotify.com/v1/tracks/5ESLeVOGgHR9Hv3TYPEErm", "analysis_url": "https://api.spotify.com/v1/audio-analysis/5ESLeVOGgHR9Hv3TYPEErm", "duration_ms": 211000, "time_signature": 4}, {"danceability": 0.634, "energy": 0.775, "key": 7, "loudness": -4.09, "mode": 1, "speechiness": 0.0346, "acousticness": 0.00856, "instrumentalness": 0, "liveness": 0.28, "valence": 0.539, "tempo": 123.977, "type": "audio_features", "id": "1pWscEL17ssjbKXIS5nlQv", "uri": "spotify:track:1pWscEL17ssjbKXIS5nlQv", "track_href": "https://api.spotify.com/v1/tracks/1pWscEL17ssjbKXIS5nlQv", "analysis_url": "https://api.spotify.com/v1/audio-analysis/1pWscEL17ssjbKXIS5nlQv", "duration_ms": 183710, "time_signature": 4}, {"danceability": 0.654, "energy": 0.83, "key": 10, "loudness": -4.801, "mode": 1, "speechiness": 0.0366, "acousticness": 0.000629, "instrumentalness": 1.13e-06, "liveness": 0.121, "valence": 0.548, "tempo": 124.989, "type": "audio_features", "id": "5L2l7mI8J1USMzhsmdjat9", "uri": "spotify:track:5L2l7mI8J1USMzhsmdjat9", "track_href": "https://api.spotify.com/v1/tracks/5L2l7mI8J1USMzhsmdjat9", "analysis_url": "https://api.spotify.com/v1/audio-analysis/5L2l7mI8J1USMzhsmdjat9", "duration_ms": 262200, "time_signature": 4}, {"danceability": 0.747, "energy": 0.834, "key": 3, "loudness": -2.867, "mode": 0, "speechiness": 0.045, "acousticness": 0.374, "instrumentalness": 0, "liveness": 0.0586, "valence": 0.687, "tempo": 128.005, "type": "audio_features", "id": "4kWO6O1BUXcZmaxitpVUwp", "uri": "spotify:track:4kWO6O1BUXcZmaxitpVUwp", "track_href": "https://api.spotify.com/v1/tracks/4kWO6O1BUXcZmaxitpVUwp", "analysis_url": "https://api.spotify.com/v1/audio-analysis/4kWO6O1BUXcZmaxitpVUwp", "duration_ms": 215760, "time_signature": 4}, {"danceability": 0.518, "energy": 0.724, "key": 8, "loudness": -6.327, "mode": 1, "speechiness": 0.0839, "acousticness": 0.0308, "instrumentalness": 0, "liveness": 0.116, "valence": 0.334, "tempo": 121.884, "type": "audio_features", "id": "7pstxLUhvsJC3M4TxHe2aI", "uri": "spotify:track:7pstxLUhvsJC3M4TxHe2aI", "track_href": "https://api.spotify.com/v1/tracks/7pstxLUhvsJC3M4TxHe2aI", "analysis_url": "https://api.spotify.com/v1/audio-analysis/7pstxLUhvsJC3M4TxHe2aI", "duration_ms": 192731, "time_signature": 4}, {"danceability": 0.648, "energy": 0.812, "key": 11, "loudness": -7.585, "mode": 0, "speechiness": 0.0414, "acousticness": 0.000329, "instrumentalness": 0.0369, "liveness": 0.0857, "valence": 0.122, "tempo": 128.178, "type": "audio_features", "id": "0NIC4unbe5KZOp1d9T7OaF", "uri": "spotify:track:0NIC4unbe5KZOp1d9T7OaF", "track_href": "https://api.spotify.com/v1/tracks/0NIC4unbe5KZOp1d9T7OaF", "analysis_url": "https://api.spotify.com/v1/audio-analysis/0NIC4unbe5KZOp1d9T7OaF", "duration_ms": 250947, "time_signature": 4}, {"danceability": 0.509, "energy": 0.781, "key": 8, "loudness": -3.48, "mode": 1, "speechiness": 0.072, "acousticness": 0.0398, "instrumentalness": 0, "liveness": 0.0749, "valence": 0.176, "tempo": 128.0, "type": "audio_features", "id": "60wwxj6Dd9NJlirf84wr2c", "uri": "spotify:track:60wwxj6Dd9NJlirf84wr2c", "track_href": "https://api.spotify.com/v1/tracks/60wwxj6Dd9NJlirf84wr2c", "analysis_url": "https://api.spotify.com/v1/audio-analysis/60wwxj6Dd9NJlirf84wr2c", "duration_ms": 271427, "time_signature": 4}, {"danceability": 0.753, "energy": 0.657, "key": 7, "loudness": -3.061, "mode": 1, "speechiness": 0.0449, "acousticness": 0.171, "instrumentalness": 0, "liveness": 0.112, "valence": 0.437, "tempo": 107.01, "type": "audio_features", "id": "09IStsImFySgyp0pIQdqAc", "uri": "spotify:track:09IStsImFySgyp0pIQdqAc", "track_href": "https://api.spotify.com/v1/tracks/09IStsImFySgyp0pIQdqAc", "analysis_url": "https://api.spotify.com/v1/audio-analysis/09IStsImFySgyp0pIQdqAc", "duration_ms": 184732, "time_signature": 4}, {"danceability": 0.579, "energy": 0.846, "key": 9, "loudness": -2.876, "mode": 0, "speechiness": 0.0574, "acousticness": 0.00537, "instrumentalness": 6.88e-06, "liveness": 0.145, "valence": 0.367, "tempo": 129.999, "type": "audio_features", "id": "1JDIArrcepzWDTAWXdGYmP", "uri": "spotify:track:1JDIArrcepzWDTAWXdGYmP", "track_href": "https://api.spotify.com/v1/tracks/1JDIArrcepzWDTAWXdGYmP", "analysis_url": "https://api.spotify.com/v1/audio-analysis/1JDIArrcepzWDTAWXdGYmP", "duration_ms": 240000, "time_signature": 4}, {"danceability": 0.575, "energy": 0.831, "key": 0, "loudness": -5.972, "mode": 1, "speechiness": 0.0356, "acousticness": 0.00406, "instrumentalness": 0.000449, "liveness": 0.111, "valence": 0.377, "tempo": 127.991, "type": "audio_features", "id": "5M9jOReAKGZ2AttVefFjTY", "uri": "spotify:track:5M9jOReAKGZ2AttVefFjTY", "track_href": "https://api.spotify.com/v1/tracks/5M9jOReAKGZ2AttVefFjTY", "analysis_url": "https://api.spotify.com/v1/audio-analysis/5M9jOReAKGZ2AttVefFjTY", "duration_ms": 223140, "time_signature": 4}, {"danceability": 0.534, "energy": 0.711, "key": 10, "loudness": -5.927, "mode": 0, "speechiness": 0.0368, "acousticness": 0.05, "instrumentalness": 0.0031, "liveness": 0.135, "valence": 0.3, "tempo": 128.102, "type": "audio_features", "id": "6EsH66Uto1zwZlDGQ6RokU", "uri": "spotify:track:6EsH66Uto1zwZlDGQ6RokU", "track_href": "https://api.spotify.com/v1/tracks/6EsH66Uto1zwZlDGQ6RokU", "analysis_url": "https://api.spotify.com/v1/audio-analysis/6EsH66Uto1zwZlDGQ6RokU", "duration_ms": 230635, "time_signature": 4}, {"danceability": 0.56, "energy": 0.833, "key": 9, "loudness": -6.338, "mode": 0, "speechiness": 0.047, "acousticness": 0.0041, "instrumentalness": 0.0778, "liveness": 0.68, "valence": 0.217, "tempo": 128.0, "type": "audio_features", "id": "6QWNLZxImCJqqXAxIiEHIi", "uri": "spotify:track:6QWNLZxImCJqqXAxIiEHIi", "track_href": "https://api.spotify.com/v1/tracks/6QWNLZxImCJqqXAxIiEHIi", "analysis_url": "https://api.spotify.com/v1/audio-analysis/6QWNLZxImCJqqXAxIiEHIi", "duration_ms": 328200, "time_signature": 4}, {"danceability": 0.675, "energy": 0.868, "key": 1, "loudness": -6.36, "mode": 1, "speechiness": 0.0392, "acousticness": 0.00107, "instrumentalness": 0.715, "liveness": 0.374, "valence": 0.0376, "tempo": 128.007, "type": "audio_features", "id": "1TWfkGrhF7ob0nwB2M6knb", "uri": "spotify:track:1TWfkGrhF7ob0nwB2M6knb", "track_href": "https://api.spotify.com/v1/tracks/1TWfkGrhF7ob0nwB2M6knb", "analysis_url": "https://api.spotify.com/v1/audio-analysis/1TWfkGrhF7ob0nwB2M6knb", "duration_ms": 304229, "time_signature": 4}, {"danceability": 0.652, "energy": 0.99, "key": 11, "loudness": -1.887, "mode": 1, "speechiness": 0.111, "acousticness": 0.000744, "instrumentalness": 0.328, "liveness": 0.0626, "valence": 0.207, "tempo": 127.97, "type": "audio_features", "id": "3XEX8V8ixB1iDvIoLymSwz", "uri": "spotify:track:3XEX8V8ixB1iDvIoLymSwz", "track_href": "https://api.spotify.com/v1/tracks/3XEX8V8ixB1iDvIoLymSwz", "analysis_url": "https://api.spotify.com/v1/audio-analysis/3XEX8V8ixB1iDvIoLymSwz", "duration_ms": 211875, "time_signature": 4}, {"danceability": 0.778, "energy": 0.463, "key": 11, "loudness": -7.603, "mode": 1, "speechiness": 0.0389, "acousticness": 0.546, "instrumentalness": 0.00289, "liveness": 0.0731, "valence": 0.496, "tempo": 121.999, "type": "audio_features", "id": "39cmB3ZoTOLwOTq7tMNqKa", "uri": "spotify:track:39cmB3ZoTOLwOTq7tMNqKa", "track_href": "https://api.spotify.com/v1/tracks/39cmB3ZoTOLwOTq7tMNqKa", "analysis_url": "https://api.spotify.com/v1/audio-analysis/39cmB3ZoTOLwOTq7tMNqKa", "duration_ms": 194840, "time_signature": 4}, {"danceability": 0.647, "energy": 0.932, "key": 11, "loudness": -3.515, "mode": 1, "speechiness": 0.0824, "acousticness": 0.00383, "instrumentalness": 1.5e-06, "liveness": 0.0574, "valence": 0.374, "tempo": 114.991, "type": "audio_features", "id": "3EmmCZoqpWOTY1g2GBwJoR", "uri": "spotify:track:3EmmCZoqpWOTY1g2GBwJoR", "track_href": "https://api.spotify.com/v1/tracks/3EmmCZoqpWOTY1g2GBwJoR", "analysis_url": "https://api.spotify.com/v1/audio-analysis/3EmmCZoqpWOTY1g2GBwJoR", "duration_ms": 198774, "time_signature": 4}, {"danceability": 0.76, "energy": 0.886, "key": 9, "loudness": -5.356, "mode": 0, "speechiness": 0.0258, "acousticness": 0.0219, "instrumentalness": 7.43e-06, "liveness": 0.623, "valence": 0.78, "tempo": 123.002, "type": "audio_features", "id": "0uVyZywUNOp6S0dU5r8TS8", "uri": "spotify:track:0uVyZywUNOp6S0dU5r8TS8", "track_href": "https://api.spotify.com/v1/tracks/0uVyZywUNOp6S0dU5r8TS8", "analysis_url": "https://api.spotify.com/v1/audio-analysis/0uVyZywUNOp6S0dU5r8TS8", "duration_ms": 189399, "time_signature": 4}, {"danceability": 0.763, "energy": 0.608, "key": 5, "loudness": -8.1, "mode": 0, "speechiness": 0.035, "acousticness": 0.262, "instrumentalness": 2.5e-05, "liveness": 0.12, "valence": 0.393, "tempo": 121.02, "type": "audio_features", "id": "2glGP8kEfACgJdZ86kWxhN", "uri": "spotify:track:2glGP8kEfACgJdZ86kWxhN", "track_href": "https://api.spotify.com/v1/tracks/2glGP8kEfACgJdZ86kWxhN", "analysis_url": "https://api.spotify.com/v1/audio-analysis/2glGP8kEfACgJdZ86kWxhN", "duration_ms": 138013, "time_signature": 4}, {"danceability": 0.714, "energy": 0.697, "key": 1, "loudness": -7.887, "mode": 0, "speechiness": 0.032, "acousticness": 0.0197, "instrumentalness": 2e-06, "liveness": 0.0697, "valence": 0.602, "tempo": 122.145, "type": "audio_features", "id": "0cOBMETjhxublnnwhbnzJO", "uri": "spotify:track:0cOBMETjhxublnnwhbnzJO", "track_href": "https://api.spotify.com/v1/tracks/0cOBMETjhxublnnwhbnzJO", "analysis_url": "https://api.spotify.com/v1/audio-analysis/0cOBMETjhxublnnwhbnzJO", "duration_ms": 159480, "time_signature": 4}, {"danceability": 0.665, "energy": 0.93, "key": 3, "loudness": -4.201, "mode": 1, "speechiness": 0.0314, "acousticness": 0.0257, "instrumentalness": 0.012, "liveness": 0.054, "valence": 0.461, "tempo": 127.979, "type": "audio_features", "id": "4c0iBlCPyLs5luOY8NWCVd", "uri": "spotify:track:4c0iBlCPyLs5luOY8NWCVd", "track_href": "https://api.spotify.com/v1/tracks/4c0iBlCPyLs5luOY8NWCVd", "analysis_url": "https://api.spotify.com/v1/audio-analysis/4c0iBlCPyLs5luOY8NWCVd", "duration_ms": 281430, "time_signature": 4}, {"danceability": 0.579, "energy": 0.89, "key": 8, "loudness": -4.803, "mode": 0, "speechiness": 0.153, "acousticness": 0.00405, "instrumentalness": 1.26e-05, "liveness": 0.311, "valence": 0.658, "tempo": 127.962, "type": "audio_features", "id": "1TbENPXb4EoOT0NIYgtwjx", "uri": "spotify:track:1TbENPXb4EoOT0NIYgtwjx", "track_href": "https://api.spotify.com/v1/tracks/1TbENPXb4EoOT0NIYgtwjx", "analysis_url": "https://api.spotify.com/v1/audio-analysis/1TbENPXb4EoOT0NIYgtwjx", "duration_ms": 255010, "time_signature": 4}, {"danceability": 0.597, "energy": 0.736, "key": 1, "loudness": -7.793, "mode": 0, "speechiness": 0.0309, "acousticness": 0.00296, "instrumentalness": 0.921, "liveness": 0.0914, "valence": 0.172, "tempo": 128.179, "type": "audio_features", "id": "1V0Zy7533bjXFSVtn3crzY", "uri": "spotify:track:1V0Zy7533bjXFSVtn3crzY", "track_href": "https://api.spotify.com/v1/tracks/1V0Zy7533bjXFSVtn3crzY", "analysis_url": "https://api.spotify.com/v1/audio-analysis/1V0Zy7533bjXFSVtn3crzY", "duration_ms": 258440, "time_signature": 4}, {"danceability": 0.636, "energy": 0.953, "key": 2, "loudness": -3.74, "mode": 1, "speechiness": 0.0353, "acousticness": 0.0244, "instrumentalness": 0.0164, "liveness": 0.108, "valence": 0.397, "tempo": 142.011, "type": "audio_features", "id": "12mGwph2YzDIlChtq3EdXP", "uri": "spotify:track:12mGwph2YzDIlChtq3EdXP", "track_href": "https://api.spotify.com/v1/tracks/12mGwph2YzDIlChtq3EdXP", "analysis_url": "https://api.spotify.com/v1/audio-analysis/12mGwph2YzDIlChtq3EdXP", "duration_ms": 273803, "time_signature": 4}, {"danceability": 0.64, "energy": 0.533, "key": 0, "loudness": -6.596, "mode": 1, "speechiness": 0.0706, "acousticness": 0.119, "instrumentalness": 0, "liveness": 0.0864, "valence": 0.515, "tempo": 99.968, "type": "audio_features", "id": "3eR23VReFzcdmS7TYCrhCe", "uri": "spotify:track:3eR23VReFzcdmS7TYCrhCe", "track_href": "https://api.spotify.com/v1/tracks/3eR23VReFzcdmS7TYCrhCe", "analysis_url": "https://api.spotify.com/v1/audio-analysis/3eR23VReFzcdmS7TYCrhCe", "duration_ms": 220781, "time_signature": 4}, {"danceability": 0.518, "energy": 0.829, "key": 2, "loudness": -3.322, "mode": 1, "speechiness": 0.0414, "acousticness": 0.198, "instrumentalness": 5.57e-06, "liveness": 0.13, "valence": 0.149, "tempo": 125.991, "type": "audio_features", "id": "64VzxgaIpjB52YUtsF9St7", "uri": "spotify:track:64VzxgaIpjB52YUtsF9St7", "track_href": "https://api.spotify.com/v1/tracks/64VzxgaIpjB52YUtsF9St7", "analysis_url": "https://api.spotify.com/v1/audio-analysis/64VzxgaIpjB52YUtsF9St7", "duration_ms": 213480, "time_signature": 4}, {"danceability": 0.368, "energy": 0.823, "key": 2, "loudness": -6.245, "mode": 1, "speechiness": 0.0804, "acousticness": 0.00234, "instrumentalness": 1.91e-06, "liveness": 0.174, "valence": 0.323, "tempo": 128.004, "type": "audio_features", "id": "5pVk15sR3OgIeKBKqG9jWw", "uri": "spotify:track:5pVk15sR3OgIeKBKqG9jWw", "track_href": "https://api.spotify.com/v1/tracks/5pVk15sR3OgIeKBKqG9jWw", "analysis_url": "https://api.spotify.com/v1/audio-analysis/5pVk15sR3OgIeKBKqG9jWw", "duration_ms": 195467, "time_signature": 4}, {"danceability": 0.416, "energy": 0.849, "key": 1, "loudness": -4.909, "mode": 0, "speechiness": 0.0455, "acousticness": 0.00864, "instrumentalness": 0.000138, "liveness": 0.204, "valence": 0.147, "tempo": 125.098, "type": "audio_features", "id": "34NNeV9jfgNgaALgUr0u9V", "uri": "spotify:track:34NNeV9jfgNgaALgUr0u9V", "track_href": "https://api.spotify.com/v1/tracks/34NNeV9jfgNgaALgUr0u9V", "analysis_url": "https://api.spotify.com/v1/audio-analysis/34NNeV9jfgNgaALgUr0u9V", "duration_ms": 205440, "time_signature": 4}, {"danceability": 0.566, "energy": 0.935, "key": 6, "loudness": -6.732, "mode": 0, "speechiness": 0.0573, "acousticness": 0.00192, "instrumentalness": 0.333, "liveness": 0.135, "valence": 0.554, "tempo": 130.01, "type": "audio_features", "id": "5LjjjWVQQkCLqRjbWMiPR2", "uri": "spotify:track:5LjjjWVQQkCLqRjbWMiPR2", "track_href": "https://api.spotify.com/v1/tracks/5LjjjWVQQkCLqRjbWMiPR2", "analysis_url": "https://api.spotify.com/v1/audio-analysis/5LjjjWVQQkCLqRjbWMiPR2", "duration_ms": 178923, "time_signature": 4}, {"danceability": 0.702, "energy": 0.931, "key": 10, "loudness": -4.896, "mode": 0, "speechiness": 0.0904, "acousticness": 0.0298, "instrumentalness": 0.515, "liveness": 0.0818, "valence": 0.199, "tempo": 123.963, "type": "audio_features", "id": "0n1mqmzrgN2H5noKuTa5hd", "uri": "spotify:track:0n1mqmzrgN2H5noKuTa5hd", "track_href": "https://api.spotify.com/v1/tracks/0n1mqmzrgN2H5noKuTa5hd", "analysis_url": "https://api.spotify.com/v1/audio-analysis/0n1mqmzrgN2H5noKuTa5hd", "duration_ms": 181935, "time_signature": 4}, {"danceability": 0.572, "energy": 0.81, "key": 1, "loudness": -5.791, "mode": 0, "speechiness": 0.0558, "acousticness": 0.0157, "instrumentalness": 6.53e-06, "liveness": 0.13, "valence": 0.11, "tempo": 126.052, "type": "audio_features", "id": "6PUIzlqotEmPuBfjbwYWOB", "uri": "spotify:track:6PUIzlqotEmPuBfjbwYWOB", "track_href": "https://api.spotify.com/v1/tracks/6PUIzlqotEmPuBfjbwYWOB", "analysis_url": "https://api.spotify.com/v1/audio-analysis/6PUIzlqotEmPuBfjbwYWOB", "duration_ms": 214912, "time_signature": 4}, {"danceability": 0.49, "energy": 0.825, "key": 7, "loudness": -4.572, "mode": 1, "speechiness": 0.132, "acousticness": 0.00505, "instrumentalness": 0.432, "liveness": 0.193, "valence": 0.291, "tempo": 130.014, "type": "audio_features", "id": "09xvr16fi0iGAarTlivkye", "uri": "spotify:track:09xvr16fi0iGAarTlivkye", "track_href": "https://api.spotify.com/v1/tracks/09xvr16fi0iGAarTlivkye", "analysis_url": "https://api.spotify.com/v1/audio-analysis/09xvr16fi0iGAarTlivkye", "duration_ms": 289882, "time_signature": 4}, {"danceability": 0.726, "energy": 0.835, "key": 0, "loudness": -3.914, "mode": 1, "speechiness": 0.0341, "acousticness": 0.041, "instrumentalness": 9.45e-06, "liveness": 0.068, "valence": 0.579, "tempo": 123.986, "type": "audio_features", "id": "1yzBGun3xDY7WpHOIP9nNp", "uri": "spotify:track:1yzBGun3xDY7WpHOIP9nNp", "track_href": "https://api.spotify.com/v1/tracks/1yzBGun3xDY7WpHOIP9nNp", "analysis_url": "https://api.spotify.com/v1/audio-analysis/1yzBGun3xDY7WpHOIP9nNp", "duration_ms": 184071, "time_signature": 4}, {"danceability": 0.72, "energy": 0.643, "key": 9, "loudness": -7.691, "mode": 1, "speechiness": 0.0369, "acousticness": 0.135, "instrumentalness": 0.812, "liveness": 0.112, "valence": 0.325, "tempo": 122.012, "type": "audio_features", "id": "30pVSKdzBpZ9Np4Y2bJbFM", "uri": "spotify:track:30pVSKdzBpZ9Np4Y2bJbFM", "track_href": "https://api.spotify.com/v1/tracks/30pVSKdzBpZ9Np4Y2bJbFM", "analysis_url": "https://api.spotify.com/v1/audio-analysis/30pVSKdzBpZ9Np4Y2bJbFM", "duration_ms": 188852, "time_signature": 4}, {"danceability": 0.655, "energy": 0.819, "key": 0, "loudness": -4.852, "mode": 1, "speechiness": 0.0316, "acousticness": 0.000176, "instrumentalness": 0.00374, "liveness": 0.104, "valence": 0.766, "tempo": 117.956, "type": "audio_features", "id": "6Z8R6UsFuGXGtiIxiD8ISb", "uri": "spotify:track:6Z8R6UsFuGXGtiIxiD8ISb", "track_href": "https://api.spotify.com/v1/tracks/6Z8R6UsFuGXGtiIxiD8ISb", "analysis_url": "https://api.spotify.com/v1/audio-analysis/6Z8R6UsFuGXGtiIxiD8ISb", "duration_ms": 192790, "time_signature": 5}, {"danceability": 0.52, "energy": 0.761, "key": 4, "loudness": -3.093, "mode": 1, "speechiness": 0.0853, "acousticness": 0.256, "instrumentalness": 4.96e-06, "liveness": 0.17, "valence": 0.286, "tempo": 141.971, "type": "audio_features", "id": "7vGuf3Y35N4wmASOKLUVVU", "uri": "spotify:track:7vGuf3Y35N4wmASOKLUVVU", "track_href": "https://api.spotify.com/v1/tracks/7vGuf3Y35N4wmASOKLUVVU", "analysis_url": "https://api.spotify.com/v1/audio-analysis/7vGuf3Y35N4wmASOKLUVVU", "duration_ms": 180823, "time_signature": 4}, {"danceability": 0.694, "energy": 0.77, "key": 6, "loudness": -5.335, "mode": 1, "speechiness": 0.149, "acousticness": 0.176, "instrumentalness": 1.1e-05, "liveness": 0.118, "valence": 0.163, "tempo": 125.905, "type": "audio_features", "id": "0E9ZjEAyAwOXZ7wJC0PD33", "uri": "spotify:track:0E9ZjEAyAwOXZ7wJC0PD33", "track_href": "https://api.spotify.com/v1/tracks/0E9ZjEAyAwOXZ7wJC0PD33", "analysis_url": "https://api.spotify.com/v1/audio-analysis/0E9ZjEAyAwOXZ7wJC0PD33", "duration_ms": 184560, "time_signature": 4}, {"danceability": 0.748, "energy": 0.524, "key": 8, "loudness": -5.599, "mode": 1, "speechiness": 0.0338, "acousticness": 0.414, "instrumentalness": 0, "liveness": 0.111, "valence": 0.661, "tempo": 95.01, "type": "audio_features", "id": "7BKLCZ1jbUBVqRi2FVlTVw", "uri": "spotify:track:7BKLCZ1jbUBVqRi2FVlTVw", "track_href": "https://api.spotify.com/v1/tracks/7BKLCZ1jbUBVqRi2FVlTVw", "analysis_url": "https://api.spotify.com/v1/audio-analysis/7BKLCZ1jbUBVqRi2FVlTVw", "duration_ms": 244960, "time_signature": 4}, {"danceability": 0.818, "energy": 0.913, "key": 4, "loudness": -3.06, "mode": 0, "speechiness": 0.0426, "acousticness": 0.093, "instrumentalness": 3.69e-05, "liveness": 0.161, "valence": 0.536, "tempo": 119.986, "type": "audio_features", "id": "1vvNmPOiUuyCbgWmtc6yfm", "uri": "spotify:track:1vvNmPOiUuyCbgWmtc6yfm", "track_href": "https://api.spotify.com/v1/tracks/1vvNmPOiUuyCbgWmtc6yfm", "analysis_url": "https://api.spotify.com/v1/audio-analysis/1vvNmPOiUuyCbgWmtc6yfm", "duration_ms": 219160, "time_signature": 4}, {"danceability": 0.774, "energy": 0.753, "key": 4, "loudness": -5.446, "mode": 0, "speechiness": 0.0517, "acousticness": 0.152, "instrumentalness": 0, "liveness": 0.0371, "valence": 0.896, "tempo": 119.002, "type": "audio_features", "id": "76hfruVvmfQbw0eYn1nmeC", "uri": "spotify:track:76hfruVvmfQbw0eYn1nmeC", "track_href": "https://api.spotify.com/v1/tracks/76hfruVvmfQbw0eYn1nmeC", "analysis_url": "https://api.spotify.com/v1/audio-analysis/76hfruVvmfQbw0eYn1nmeC", "duration_ms": 219147, "time_signature": 4}, {"danceability": 0.671, "energy": 0.916, "key": 6, "loudness": -4.014, "mode": 0, "speechiness": 0.0397, "acousticness": 0.0282, "instrumentalness": 0.00762, "liveness": 0.24, "valence": 0.803, "tempo": 126.01, "type": "audio_features", "id": "0gb1J5UrTpzaU1s3nupgCd", "uri": "spotify:track:0gb1J5UrTpzaU1s3nupgCd", "track_href": "https://api.spotify.com/v1/tracks/0gb1J5UrTpzaU1s3nupgCd", "analysis_url": "https://api.spotify.com/v1/audio-analysis/0gb1J5UrTpzaU1s3nupgCd", "duration_ms": 189127, "time_signature": 4}, {"danceability": 0.793, "energy": 0.717, "key": 0, "loudness": -4.759, "mode": 0, "speechiness": 0.0393, "acousticness": 0.0927, "instrumentalness": 3.6e-05, "liveness": 0.226, "valence": 0.466, "tempo": 121.985, "type": "audio_features", "id": "1A8j067qyiNwQnZT0bzUpZ", "uri": "spotify:track:1A8j067qyiNwQnZT0bzUpZ", "track_href": "https://api.spotify.com/v1/tracks/1A8j067qyiNwQnZT0bzUpZ", "analysis_url": "https://api.spotify.com/v1/audio-analysis/1A8j067qyiNwQnZT0bzUpZ", "duration_ms": 195547, "time_signature": 4}, {"danceability": 0.485, "energy": 0.723, "key": 9, "loudness": -4.633, "mode": 0, "speechiness": 0.0518, "acousticness": 0.0736, "instrumentalness": 0, "liveness": 0.0631, "valence": 0.432, "tempo": 128.045, "type": "audio_features", "id": "5jyUBKpmaH670zrXrE0wmO", "uri": "spotify:track:5jyUBKpmaH670zrXrE0wmO", "track_href": "https://api.spotify.com/v1/tracks/5jyUBKpmaH670zrXrE0wmO", "analysis_url": "https://api.spotify.com/v1/audio-analysis/5jyUBKpmaH670zrXrE0wmO", "duration_ms": 221273, "time_signature": 4}, {"danceability": 0.746, "energy": 0.846, "key": 9, "loudness": -2.432, "mode": 1, "speechiness": 0.048, "acousticness": 0.0485, "instrumentalness": 0, "liveness": 0.195, "valence": 0.403, "tempo": 114.955, "type": "audio_features", "id": "10AsRVRdU07cMAFHeGYO3c", "uri": "spotify:track:10AsRVRdU07cMAFHeGYO3c", "track_href": "https://api.spotify.com/v1/tracks/10AsRVRdU07cMAFHeGYO3c", "analysis_url": "https://api.spotify.com/v1/audio-analysis/10AsRVRdU07cMAFHeGYO3c", "duration_ms": 174933, "time_signature": 4}, {"danceability": 0.704, "energy": 0.634, "key": 11, "loudness": -7.374, "mode": 0, "speechiness": 0.0428, "acousticness": 0.393, "instrumentalness": 3.17e-05, "liveness": 0.0952, "valence": 0.411, "tempo": 113.927, "type": "audio_features", "id": "1I8tHoNBFTuoJAlh4hfVVE", "uri": "spotify:track:1I8tHoNBFTuoJAlh4hfVVE", "track_href": "https://api.spotify.com/v1/tracks/1I8tHoNBFTuoJAlh4hfVVE", "analysis_url": "https://api.spotify.com/v1/audio-analysis/1I8tHoNBFTuoJAlh4hfVVE", "duration_ms": 271640, "time_signature": 4}, {"danceability": 0.545, "energy": 0.675, "key": 6, "loudness": -6.474, "mode": 1, "speechiness": 0.0279, "acousticness": 0.00617, "instrumentalness": 0.00197, "liveness": 0.209, "valence": 0.162, "tempo": 124.97, "type": "audio_features", "id": "0FDzzruyVECATHXKHFs9eJ", "uri": "spotify:track:0FDzzruyVECATHXKHFs9eJ", "track_href": "https://api.spotify.com/v1/tracks/0FDzzruyVECATHXKHFs9eJ", "analysis_url": "https://api.spotify.com/v1/audio-analysis/0FDzzruyVECATHXKHFs9eJ", "duration_ms": 267867, "time_signature": 4}, {"danceability": 0.56, "energy": 0.857, "key": 4, "loudness": -4.145, "mode": 0, "speechiness": 0.0384, "acousticness": 0.0594, "instrumentalness": 0, "liveness": 0.381, "valence": 0.432, "tempo": 119.975, "type": "audio_features", "id": "3AeicLnm55RqcXGBKYQolM", "uri": "spotify:track:3AeicLnm55RqcXGBKYQolM", "track_href": "https://api.spotify.com/v1/tracks/3AeicLnm55RqcXGBKYQolM", "analysis_url": "https://api.spotify.com/v1/audio-analysis/3AeicLnm55RqcXGBKYQolM", "duration_ms": 215360, "time_signature": 4}, {"danceability": 0.686, "energy": 0.718, "key": 8, "loudness": -5.054, "mode": 0, "speechiness": 0.0431, "acousticness": 0.00637, "instrumentalness": 0.000703, "liveness": 0.119, "valence": 0.557, "tempo": 115.026, "type": "audio_features", "id": "0b6wdul3A5sQNpIOv03OxP", "uri": "spotify:track:0b6wdul3A5sQNpIOv03OxP", "track_href": "https://api.spotify.com/v1/tracks/0b6wdul3A5sQNpIOv03OxP", "analysis_url": "https://api.spotify.com/v1/audio-analysis/0b6wdul3A5sQNpIOv03OxP", "duration_ms": 206320, "time_signature": 4}, {"danceability": 0.636, "energy": 0.761, "key": 9, "loudness": -7.752, "mode": 0, "speechiness": 0.035, "acousticness": 0.00377, "instrumentalness": 0.00784, "liveness": 0.0851, "valence": 0.463, "tempo": 120.837, "type": "audio_features", "id": "023H4I7HJnxRqsc9cqeFKV", "uri": "spotify:track:023H4I7HJnxRqsc9cqeFKV", "track_href": "https://api.spotify.com/v1/tracks/023H4I7HJnxRqsc9cqeFKV", "analysis_url": "https://api.spotify.com/v1/audio-analysis/023H4I7HJnxRqsc9cqeFKV", "duration_ms": 285596, "time_signature": 4}, {"danceability": 0.879, "energy": 0.666, "key": 11, "loudness": -6.082, "mode": 0, "speechiness": 0.145, "acousticness": 0.164, "instrumentalness": 0, "liveness": 0.319, "valence": 0.671, "tempo": 123.975, "type": "audio_features", "id": "4DJORZgsbqnEJ4f4B9TBGV", "uri": "spotify:track:4DJORZgsbqnEJ4f4B9TBGV", "track_href": "https://api.spotify.com/v1/tracks/4DJORZgsbqnEJ4f4B9TBGV", "analysis_url": "https://api.spotify.com/v1/audio-analysis/4DJORZgsbqnEJ4f4B9TBGV", "duration_ms": 212573, "time_signature": 4}, {"danceability": 0.677, "energy": 0.744, "key": 10, "loudness": -6.806, "mode": 0, "speechiness": 0.0295, "acousticness": 0.0404, "instrumentalness": 0.00016, "liveness": 0.074, "valence": 0.631, "tempo": 124.08, "type": "audio_features", "id": "1DFD5Fotzgn6yYXkYsKiGs", "uri": "spotify:track:1DFD5Fotzgn6yYXkYsKiGs", "track_href": "https://api.spotify.com/v1/tracks/1DFD5Fotzgn6yYXkYsKiGs", "analysis_url": "https://api.spotify.com/v1/audio-analysis/1DFD5Fotzgn6yYXkYsKiGs", "duration_ms": 152913, "time_signature": 4}, {"danceability": 0.706, "energy": 0.74, "key": 6, "loudness": -7.904, "mode": 1, "speechiness": 0.0325, "acousticness": 0.0245, "instrumentalness": 0.512, "liveness": 0.135, "valence": 0.444, "tempo": 122.007, "type": "audio_features", "id": "7ir1tVqAtNjctvteJPw5MF", "uri": "spotify:track:7ir1tVqAtNjctvteJPw5MF", "track_href": "https://api.spotify.com/v1/tracks/7ir1tVqAtNjctvteJPw5MF", "analysis_url": "https://api.spotify.com/v1/audio-analysis/7ir1tVqAtNjctvteJPw5MF", "duration_ms": 223869, "time_signature": 3}, {"danceability": 0.536, "energy": 0.771, "key": 4, "loudness": -2.028, "mode": 0, "speechiness": 0.309, "acousticness": 0.322, "instrumentalness": 0.901, "liveness": 0.0653, "valence": 0.133, "tempo": 128.087, "type": "audio_features", "id": "05ityhGhHQfqRzJnjP0U3G", "uri": "spotify:track:05ityhGhHQfqRzJnjP0U3G", "track_href": "https://api.spotify.com/v1/tracks/05ityhGhHQfqRzJnjP0U3G", "analysis_url": "https://api.spotify.com/v1/audio-analysis/05ityhGhHQfqRzJnjP0U3G", "duration_ms": 172266, "time_signature": 4}, {"danceability": 0.703, "energy": 0.684, "key": 8, "loudness": -6.532, "mode": 1, "speechiness": 0.0778, "acousticness": 0.00164, "instrumentalness": 0.000378, "liveness": 0.0744, "valence": 0.217, "tempo": 126.027, "type": "audio_features", "id": "5MnkhumYJRLvLdEzIqkfWy", "uri": "spotify:track:5MnkhumYJRLvLdEzIqkfWy", "track_href": "https://api.spotify.com/v1/tracks/5MnkhumYJRLvLdEzIqkfWy", "analysis_url": "https://api.spotify.com/v1/audio-analysis/5MnkhumYJRLvLdEzIqkfWy", "duration_ms": 346930, "time_signature": 4}, {"danceability": 0.478, "energy": 0.818, "key": 4, "loudness": -5.076, "mode": 1, "speechiness": 0.0377, "acousticness": 0.00292, "instrumentalness": 0.00789, "liveness": 0.438, "valence": 0.163, "tempo": 127.953, "type": "audio_features", "id": "54ZPmGE1uOG9IYoUBSRSp7", "uri": "spotify:track:54ZPmGE1uOG9IYoUBSRSp7", "track_href": "https://api.spotify.com/v1/tracks/54ZPmGE1uOG9IYoUBSRSp7", "analysis_url": "https://api.spotify.com/v1/audio-analysis/54ZPmGE1uOG9IYoUBSRSp7", "duration_ms": 226867, "time_signature": 4}, {"danceability": 0.703, "energy": 0.832, "key": 0, "loudness": -7.202, "mode": 0, "speechiness": 0.0689, "acousticness": 0.00149, "instrumentalness": 0.127, "liveness": 0.0696, "valence": 0.667, "tempo": 122.029, "type": "audio_features", "id": "15DwFznkBJir7AK9PyMyRR", "uri": "spotify:track:15DwFznkBJir7AK9PyMyRR", "track_href": "https://api.spotify.com/v1/tracks/15DwFznkBJir7AK9PyMyRR", "analysis_url": "https://api.spotify.com/v1/audio-analysis/15DwFznkBJir7AK9PyMyRR", "duration_ms": 196489, "time_signature": 4}, {"danceability": 0.477, "energy": 0.728, "key": 7, "loudness": -5.978, "mode": 0, "speechiness": 0.0378, "acousticness": 0.00298, "instrumentalness": 0.26, "liveness": 0.124, "valence": 0.0341, "tempo": 125.988, "type": "audio_features", "id": "4j1hJwuawbvpm2q2orbgj7", "uri": "spotify:track:4j1hJwuawbvpm2q2orbgj7", "track_href": "https://api.spotify.com/v1/tracks/4j1hJwuawbvpm2q2orbgj7", "analysis_url": "https://api.spotify.com/v1/audio-analysis/4j1hJwuawbvpm2q2orbgj7", "duration_ms": 434667, "time_signature": 4}, {"danceability": 0.63, "energy": 0.926, "key": 8, "loudness": -4.123, "mode": 0, "speechiness": 0.0422, "acousticness": 0.0438, "instrumentalness": 0.0695, "liveness": 0.133, "valence": 0.431, "tempo": 125.99, "type": "audio_features", "id": "5AvvyeUnd0SAU5PyaLIhVY", "uri": "spotify:track:5AvvyeUnd0SAU5PyaLIhVY", "track_href": "https://api.spotify.com/v1/tracks/5AvvyeUnd0SAU5PyaLIhVY", "analysis_url": "https://api.spotify.com/v1/audio-analysis/5AvvyeUnd0SAU5PyaLIhVY", "duration_ms": 189640, "time_signature": 4}, {"danceability": 0.743, "energy": 0.962, "key": 11, "loudness": -3.205, "mode": 0, "speechiness": 0.0629, "acousticness": 0.00445, "instrumentalness": 0.613, "liveness": 0.352, "valence": 0.643, "tempo": 127.99, "type": "audio_features", "id": "4qPnE8jBZN3wmgGxspsOcP", "uri": "spotify:track:4qPnE8jBZN3wmgGxspsOcP", "track_href": "https://api.spotify.com/v1/tracks/4qPnE8jBZN3wmgGxspsOcP", "analysis_url": "https://api.spotify.com/v1/audio-analysis/4qPnE8jBZN3wmgGxspsOcP", "duration_ms": 270000, "time_signature": 4}, {"danceability": 0.836, "energy": 0.665, "key": 0, "loudness": -5.779, "mode": 1, "speechiness": 0.0745, "acousticness": 0.308, "instrumentalness": 0.000925, "liveness": 0.0714, "valence": 0.677, "tempo": 120.997, "type": "audio_features", "id": "4bAmAVdks2Y84VNVVLXFwN", "uri": "spotify:track:4bAmAVdks2Y84VNVVLXFwN", "track_href": "https://api.spotify.com/v1/tracks/4bAmAVdks2Y84VNVVLXFwN", "analysis_url": "https://api.spotify.com/v1/audio-analysis/4bAmAVdks2Y84VNVVLXFwN", "duration_ms": 180336, "time_signature": 4}, {"danceability": 0.51, "energy": 0.831, "key": 7, "loudness": -4.514, "mode": 0, "speechiness": 0.0606, "acousticness": 0.0435, "instrumentalness": 3.14e-06, "liveness": 0.346, "valence": 0.376, "tempo": 128.025, "type": "audio_features", "id": "2tW2Kn1IGFFVfRVnQE2UaQ", "uri": "spotify:track:2tW2Kn1IGFFVfRVnQE2UaQ", "track_href": "https://api.spotify.com/v1/tracks/2tW2Kn1IGFFVfRVnQE2UaQ", "analysis_url": "https://api.spotify.com/v1/audio-analysis/2tW2Kn1IGFFVfRVnQE2UaQ", "duration_ms": 185625, "time_signature": 4}, {"danceability": 0.628, "energy": 0.98, "key": 6, "loudness": -2.457, "mode": 0, "speechiness": 0.0548, "acousticness": 0.0171, "instrumentalness": 0.0866, "liveness": 0.366, "valence": 0.303, "tempo": 128.078, "type": "audio_features", "id": "6LhWs4teHcqwsRpzMVwsiK", "uri": "spotify:track:6LhWs4teHcqwsRpzMVwsiK", "track_href": "https://api.spotify.com/v1/tracks/6LhWs4teHcqwsRpzMVwsiK", "analysis_url": "https://api.spotify.com/v1/audio-analysis/6LhWs4teHcqwsRpzMVwsiK", "duration_ms": 159960, "time_signature": 4}, {"danceability": 0.444, "energy": 0.557, "key": 0, "loudness": -5.476, "mode": 1, "speechiness": 0.0602, "acousticness": 0.453, "instrumentalness": 0, "liveness": 0.152, "valence": 0.296, "tempo": 115.058, "type": "audio_features", "id": "5WI2ltQIdwgzf1SNE76JyR", "uri": "spotify:track:5WI2ltQIdwgzf1SNE76JyR", "track_href": "https://api.spotify.com/v1/tracks/5WI2ltQIdwgzf1SNE76JyR", "analysis_url": "https://api.spotify.com/v1/audio-analysis/5WI2ltQIdwgzf1SNE76JyR", "duration_ms": 234910, "time_signature": 4}, {"danceability": 0.528, "energy": 0.955, "key": 10, "loudness": -2.589, "mode": 0, "speechiness": 0.0794, "acousticness": 0.0345, "instrumentalness": 4.29e-05, "liveness": 0.353, "valence": 0.0989, "tempo": 125.994, "type": "audio_features", "id": "4OWio8PyFuHqNVxR81pb6c", "uri": "spotify:track:4OWio8PyFuHqNVxR81pb6c", "track_href": "https://api.spotify.com/v1/tracks/4OWio8PyFuHqNVxR81pb6c", "analysis_url": "https://api.spotify.com/v1/audio-analysis/4OWio8PyFuHqNVxR81pb6c", "duration_ms": 222075, "time_signature": 4}, {"danceability": 0.645, "energy": 0.741, "key": 5, "loudness": -4.989, "mode": 0, "speechiness": 0.0339, "acousticness": 0.0323, "instrumentalness": 0, "liveness": 0.29, "valence": 0.534, "tempo": 123.07, "type": "audio_features", "id": "4q8PHoRsPUB52LFylX8Ulz", "uri": "spotify:track:4q8PHoRsPUB52LFylX8Ulz", "track_href": "https://api.spotify.com/v1/tracks/4q8PHoRsPUB52LFylX8Ulz", "analysis_url": "https://api.spotify.com/v1/audio-analysis/4q8PHoRsPUB52LFylX8Ulz", "duration_ms": 203000, "time_signature": 4}, {"danceability": 0.509, "energy": 0.88, "key": 5, "loudness": -5.47, "mode": 1, "speechiness": 0.0355, "acousticness": 0.0021, "instrumentalness": 0.837, "liveness": 0.661, "valence": 0.459, "tempo": 127.005, "type": "audio_features", "id": "6X0WsSsMMwam5AzVxlUUzo", "uri": "spotify:track:6X0WsSsMMwam5AzVxlUUzo", "track_href": "https://api.spotify.com/v1/tracks/6X0WsSsMMwam5AzVxlUUzo", "analysis_url": "https://api.spotify.com/v1/audio-analysis/6X0WsSsMMwam5AzVxlUUzo", "duration_ms": 313388, "time_signature": 4}, {"danceability": 0.73, "energy": 0.735, "key": 1, "loudness": -5.451, "mode": 1, "speechiness": 0.0923, "acousticness": 0.0176, "instrumentalness": 0.000189, "liveness": 0.089, "valence": 0.541, "tempo": 121.985, "type": "audio_features", "id": "1DunhgeZSEgWiIYbHqXl0c", "uri": "spotify:track:1DunhgeZSEgWiIYbHqXl0c", "track_href": "https://api.spotify.com/v1/tracks/1DunhgeZSEgWiIYbHqXl0c", "analysis_url": "https://api.spotify.com/v1/audio-analysis/1DunhgeZSEgWiIYbHqXl0c", "duration_ms": 255867, "time_signature": 4}, {"danceability": 0.794, "energy": 0.811, "key": 6, "loudness": -8.966, "mode": 0, "speechiness": 0.038, "acousticness": 0.0426, "instrumentalness": 1.07e-06, "liveness": 0.101, "valence": 0.862, "tempo": 116.047, "type": "audio_features", "id": "2Foc5Q5nqNiosCNqttzHof", "uri": "spotify:track:2Foc5Q5nqNiosCNqttzHof", "track_href": "https://api.spotify.com/v1/tracks/2Foc5Q5nqNiosCNqttzHof", "analysis_url": "https://api.spotify.com/v1/audio-analysis/2Foc5Q5nqNiosCNqttzHof", "duration_ms": 248413, "time_signature": 4}, {"danceability": 0.789, "energy": 0.916, "key": 0, "loudness": -3.262, "mode": 1, "speechiness": 0.249, "acousticness": 0.0135, "instrumentalness": 8.09e-06, "liveness": 0.077, "valence": 0.658, "tempo": 127.956, "type": "audio_features", "id": "1HOlb9rdNOmy9b1Fakicjo", "uri": "spotify:track:1HOlb9rdNOmy9b1Fakicjo", "track_href": "https://api.spotify.com/v1/tracks/1HOlb9rdNOmy9b1Fakicjo", "analysis_url": "https://api.spotify.com/v1/audio-analysis/1HOlb9rdNOmy9b1Fakicjo", "duration_ms": 183750, "time_signature": 4}, {"danceability": 0.699, "energy": 0.883, "key": 5, "loudness": -3.226, "mode": 0, "speechiness": 0.219, "acousticness": 0.0288, "instrumentalness": 0, "liveness": 0.817, "valence": 0.499, "tempo": 127.961, "type": "audio_features", "id": "3MOECVkNshqHYTPt5DZcdN", "uri": "spotify:track:3MOECVkNshqHYTPt5DZcdN", "track_href": "https://api.spotify.com/v1/tracks/3MOECVkNshqHYTPt5DZcdN", "analysis_url": "https://api.spotify.com/v1/audio-analysis/3MOECVkNshqHYTPt5DZcdN", "duration_ms": 211975, "time_signature": 4}, {"danceability": 0.496, "energy": 0.789, "key": 1, "loudness": -3.648, "mode": 1, "speechiness": 0.0839, "acousticness": 0.183, "instrumentalness": 0, "liveness": 0.34, "valence": 0.286, "tempo": 127.961, "type": "audio_features", "id": "1nas007nDbzLwDGwvMdz79", "uri": "spotify:track:1nas007nDbzLwDGwvMdz79", "track_href": "https://api.spotify.com/v1/tracks/1nas007nDbzLwDGwvMdz79", "analysis_url": "https://api.spotify.com/v1/audio-analysis/1nas007nDbzLwDGwvMdz79", "duration_ms": 210469, "time_signature": 4}, {"danceability": 0.867, "energy": 0.477, "key": 9, "loudness": -7.183, "mode": 0, "speechiness": 0.049, "acousticness": 0.00843, "instrumentalness": 0.175, "liveness": 0.113, "valence": 0.614, "tempo": 124.979, "type": "audio_features", "id": "2GQEM9JuHu30sGFvRYeCxz", "uri": "spotify:track:2GQEM9JuHu30sGFvRYeCxz", "track_href": "https://api.spotify.com/v1/tracks/2GQEM9JuHu30sGFvRYeCxz", "analysis_url": "https://api.spotify.com/v1/audio-analysis/2GQEM9JuHu30sGFvRYeCxz", "duration_ms": 223480, "time_signature": 4}, {"danceability": 0.367, "energy": 0.915, "key": 9, "loudness": -3.456, "mode": 0, "speechiness": 0.0488, "acousticness": 0.0022, "instrumentalness": 5.81e-05, "liveness": 0.0905, "valence": 0.365, "tempo": 110.169, "type": "audio_features", "id": "46NBoIAHrmR7qcUGCIFEjR", "uri": "spotify:track:46NBoIAHrmR7qcUGCIFEjR", "track_href": "https://api.spotify.com/v1/tracks/46NBoIAHrmR7qcUGCIFEjR", "analysis_url": "https://api.spotify.com/v1/audio-analysis/46NBoIAHrmR7qcUGCIFEjR", "duration_ms": 207273, "time_signature": 4}, {"danceability": 0.722, "energy": 0.851, "key": 7, "loudness": -3.873, "mode": 0, "speechiness": 0.0639, "acousticness": 0.0319, "instrumentalness": 0, "liveness": 0.108, "valence": 0.452, "tempo": 126.885, "type": "audio_features", "id": "5yDL13y5giogKs2fSNf7sj", "uri": "spotify:track:5yDL13y5giogKs2fSNf7sj", "track_href": "https://api.spotify.com/v1/tracks/5yDL13y5giogKs2fSNf7sj", "analysis_url": "https://api.spotify.com/v1/audio-analysis/5yDL13y5giogKs2fSNf7sj", "duration_ms": 197936, "time_signature": 4}, {"danceability": 0.766, "energy": 0.674, "key": 0, "loudness": -6.245, "mode": 1, "speechiness": 0.0538, "acousticness": 0.0217, "instrumentalness": 5.87e-05, "liveness": 0.258, "valence": 0.214, "tempo": 121.012, "type": "audio_features", "id": "0E8WJOFs2eWD67USh7C6Qd", "uri": "spotify:track:0E8WJOFs2eWD67USh7C6Qd", "track_href": "https://api.spotify.com/v1/tracks/0E8WJOFs2eWD67USh7C6Qd", "analysis_url": "https://api.spotify.com/v1/audio-analysis/0E8WJOFs2eWD67USh7C6Qd", "duration_ms": 168636, "time_signature": 4}, {"danceability": 0.527, "energy": 0.866, "key": 10, "loudness": -6.838, "mode": 0, "speechiness": 0.0346, "acousticness": 0.000174, "instrumentalness": 0.615, "liveness": 0.16, "valence": 0.266, "tempo": 128.033, "type": "audio_features", "id": "4uB7RmCoM5NAZKMYypDLpz", "uri": "spotify:track:4uB7RmCoM5NAZKMYypDLpz", "track_href": "https://api.spotify.com/v1/tracks/4uB7RmCoM5NAZKMYypDLpz", "analysis_url": "https://api.spotify.com/v1/audio-analysis/4uB7RmCoM5NAZKMYypDLpz", "duration_ms": 182930, "time_signature": 4}, {"danceability": 0.524, "energy": 0.885, "key": 5, "loudness": -3.079, "mode": 1, "speechiness": 0.037, "acousticness": 0.0997, "instrumentalness": 0, "liveness": 0.0708, "valence": 0.395, "tempo": 119.954, "type": "audio_features", "id": "2Fyxt0Ws62qiIn9hJWxMA9", "uri": "spotify:track:2Fyxt0Ws62qiIn9hJWxMA9", "track_href": "https://api.spotify.com/v1/tracks/2Fyxt0Ws62qiIn9hJWxMA9", "analysis_url": "https://api.spotify.com/v1/audio-analysis/2Fyxt0Ws62qiIn9hJWxMA9", "duration_ms": 204591, "time_signature": 4}]