[{"href":"https:\/\/api.spotify.com\/v1\/tracks\/4MZ5u19FknwVCEzurbPAcG","id":"4MZ5u19FknwVCEzurbPAcG","type":"track","uri":"spotify:track:4MZ5u19FknwVCEzurbPAcG"},{"href":"https:\/\/api.spotify.com\/v1\/tracks\/4X1mRlaOkp52lLBBBBhi1Z","id":"4X1mRlaOkp52lLBBBBhi1Z","type":"track","uri":"spotify:track:4X1mRlaOkp52lLBBBBhi1Z"},{"href":"https:\/\/api.spotify.com\/v1\/tracks\/365YAVsH5iV4wJTAd719e2","id":"365YAVsH5iV4wJTAd719e2","type":"track","uri":"spotify:track:365YAVsH5iV4wJTAd719e2"},{"href":"https:\/\/api.spotify.com\/v1\/tracks\/77AixrPcd03tR4tWMHuxro","id":"77AixrPcd03tR4tWMHuxro","type":"track","uri":"spotify:track:77AixrPcd03tR4tWMHuxro"},{"href":"https:\/\/api.spotify.com\/v1\/tracks\/7LpT54RUvN0IvDGIxiwHwS","id":"7LpT54RUvN0IvDGIxiwHwS","type":"track","uri":"spotify:track:7LpT54RUvN0IvDGIxiwHwS"},{"href":"https:\/\/api.spotify.com\/v1\/tracks\/1dHYpFcwP21Y1YCWmhhHrs","id":"1dHYpFcwP21Y1YCWmhhHrs","type":"track","uri":"spotify:track:1dHYpFcwP21Y1YCWmhhHrs"},{"href":"https:\/\/api.spotify.com\/v1\/tracks\/0sGEt6oofwiJEcUdH2oR9t","id":"0sGEt6oofwiJEcUdH2oR9t","type":"track","uri":"spotify:track:0sGEt6oofwiJEcUdH2oR9t"},{"href":"https:\/\/api.spotify.com\/v1\/tracks\/0385HqYimoTQaHZP17KwG1","id":"0385HqYimoTQaHZP17KwG1","type":"track","uri":"spotify:track:0385HqYimoTQaHZP17KwG1"},{"href":"https:\/\/api.spotify.com\/v1\/tracks\/6HVKm89Cg3kOdqGXlX5wz3","id":"6HVKm89Cg3kOdqGXlX5wz3","type":"track","uri":"spotify:track:6HVKm89Cg3kOdqGXlX5wz3"},{"href":"https:\/\/api.spotify.com\/v1\/tracks\/2NnpLutDGWZ9iQAThbdFra","id":"2NnpLutDGWZ9iQAThbdFra","type":"track","uri":"spotify:track:2NnpLutDGWZ9iQAThbdFra"},{"href":"https:\/\/api.spotify.com\/v1\/tracks\/7zsXy7vlHdItvUSH8EwQss","id":"7zsXy7vlHdItvUSH8EwQss","type":"track","uri":"spotify:track:7zsXy7vlHdItvUSH8EwQss"},{"href":"https:\/\/api.spotify.com\/v1\/tracks\/4E2xcRsa66hiEdZyx5MF0p","id":"4E2xcRsa66hiEdZyx5MF0p","type":"track","uri":"spotify:track:4E2xcRsa66hiEdZyx5MF0p"},{"href":"https:\/\/api.spotify.com\/v1\/tracks\/4jh0Wr4BI4xLGxSRTzFR0A","id":"4jh0Wr4BI4xLGxSRTzFR0A","type":"track","uri":"spotify:track:4jh0Wr4BI4xLGxSRTzFR0A"},{"href":"https:\/\/api.spotify.com\/v1\/tracks\/60fPCSRE9F7cw92GAOmu2I","id":"60fPCSRE9F7cw92GAOmu2I","type":"track","uri":"spotify:track:60fPCSRE9F7cw92GAOmu2I"},{"href":"https:\/\/api.spotify.com\/v1\/tracks\/7A0rBeKlftRx90AsKLHREK","id":"7A0rBeKlftRx90AsKLHREK","type":"track","uri":"spotify:track:7A0rBeKlftRx90AsKLHREK"},{"href":"https:\/\/api.spotify.com\/v1\/tracks\/5Gmn4YtWQFVQQzpMSbRLOb","id":"5Gmn4YtWQFVQQzpMSbRLOb","type":"track","uri":"spotify:track:5Gmn4YtWQFVQQzpMSbRLOb"},{"href":"https:\/\/api.spotify.com\/v1\/tracks\/5Sf3GyLEAzJXxZ5mbCPXTu","id":"5Sf3GyLEAzJXxZ5mbCPXTu","type":"track","uri":"spotify:track:5Sf3GyLEAzJXxZ5mbCPXTu"},{"href":"https:\/\/api.spotify.com\/v1\/tracks\/5P0wPWJLATazuAFnj8RJj2","id":"5P0wPWJLATazuAFnj8RJj2","type":"track","uri":"spotify:track:5P0wPWJLATazuAFnj8RJj2"},{"href":"https:\/\/api.spotify.com\/v1\/tracks\/2w2GduKshRATrsoGJ3MZuc","id":"2w2GduKshRATrsoGJ3MZuc","type":"track","uri":"spotify:track:2w2GduKshRATrsoGJ3MZuc"},{"href":"https:\/\/api.spotify.com\/v1\/tracks\/3rLvKE8MV0t309dypGW8kb","id":"3rLvKE8MV0t309dypGW8kb","type":"track","uri":"spotify:track:3rLvKE8MV0t309dypGW8kb"},{"href":"https:\/\/api.spotify.com\/v1\/tracks\/71lPvDJnM16yzqz917z0nt","id":"71lPvDJnM16yzqz917z0nt","type":"track","uri":"spotify:track:71lPvDJnM16yzqz917z0nt"},{"href":"https:\/\/api.spotify.com\/v1\/tracks\/7pstxLUhvsJC3M4TxHe2aI","id":"7pstxLUhvsJC3M4TxHe2aI","type":"track","uri":"spotify:track:7pstxLUhvsJC3M4TxHe2aI"},{"href":"https:\/\/api.spotify.com\/v1\/tracks\/1TWfkGrhF7ob0nwB2M6knb","id":"1TWfkGrhF7ob0nwB2M6knb","type":"track","uri":"spotify:track:1TWfkGrhF7ob0nwB2M6knb"},{"href":"https:\/\/api.spotify.com\/v1\/tracks\/1iAvxtvK3GOwgCtaMLqxHL","id":"1iAvxtvK3GOwgCtaMLqxHL","type":"track","uri":"spotify:track:1iAvxtvK3GOwgCtaMLqxHL"},{"href":"https:\/\/api.spotify.com\/v1\/tracks\/3TOxYijHLCmFM5NfHraqL4","id":"3TOxYijHLCmFM5NfHraqL4","type":"track","uri":"spotify:track:3TOxYijHLCmFM5NfHraqL4"},{"href":"https:\/\/api.spotify.com\/v1\/tracks\/12mGwph2YzDIlChtq3EdXP","id":"12mGwph2YzDIlChtq3EdXP","type":"track","uri":"spotify:track:12mGwph2YzDIlChtq3EdXP"},{"href":"https:\/\/api.spotify.com\/v1\/tracks\/3b4luH0zEYYLZQng18TKHp","id":"3b4luH0zEYYLZQng18TKHp","type":"track","uri":"spotify:track:3b4luH0zEYYLZQng18TKHp"},{"href":"https:\/\/api.spotify.com\/v1\/tracks\/6uDJVJc4GmDXMGQ5c8D6Nc","id":"6uDJVJc4GmDXMGQ5c8D6Nc","type":"track","uri":"spotify:track:6uDJVJc4GmDXMGQ5c8D6Nc"},{"href":"https:\/\/api.spotify.com\/v1\/tracks\/3pkCtxgUk9WWf6QbFcs1Wy","id":"3pkCtxgUk9WWf6QbFcs1Wy","type":"track","uri":"spotify:track:3pkCtxgUk9WWf6QbFcs1Wy"},{"href":"https:\/\/api.spotify.com\/v1\/tracks\/4o3aVNuGyzivFQ8ylFxvCt","id":"4o3aVNuGyzivFQ8ylFxvCt","type":"track","uri":"spotify:track:4o3aVNuGyzivFQ8ylFxvCt"},{"href":"https:\/\/api.spotify.com\/v1\/tracks\/09xvr16fi0iGAarTlivkye","id":"09xvr16fi0iGAarTlivkye","type":"track","uri":"spotify:track:09xvr16fi0iGAarTlivkye"},{"href":"https:\/\/api.spotify.com\/v1\/tracks\/7jcpgrFEPvZLEBswLpiSLn","id":"7jcpgrFEPvZLEBswLpiSLn","type":"track","uri":"spotify:track:7jcpgrFEPvZLEBswLpiSLn"},{"href":"https:\/\/api.spotify.com\/v1\/tracks\/7AMQABxtEZov98rlWXeZT8","id":"7AMQABxtEZov98rlWXeZT8","type":"track","uri":"spotify:track:7AMQABxtEZov98rlWXeZT8"},{"href":"https:\/\/api.spotify.com\/v1\/tracks\/5fzLwHFGmKeAgQ2cQ2bNXG","id":"5fzLwHFGmKeAgQ2cQ2bNXG","type":"track","uri":"spotify:track:5fzLwHFGmKeAgQ2cQ2bNXG"},{"href":"https:\/\/api.spotify.com\/v1\/tracks\/4gzxeio4t48cRYZFsHFCWH","id":"4gzxeio4t48cRYZFsHFCWH","type":"track","uri":"spotify:track:4gzxeio4t48cRYZFsHFCWH"},{"href":"https:\/\/api.spotify.com\/v1\/tracks\/6WaBSLUShG3BpQUpXr0CVR","id":"6WaBSLUShG3BpQUpXr0CVR","type":"track","uri":"spotify:track:6WaBSLUShG3BpQUpXr0CVR"},{"href":"https:\/\/api.spotify.com\/v1\/tracks\/4LYtNM9XhJ56sxKlnqVjqF","id":"4LYtNM9XhJ56sxKlnqVjqF","type":"track","uri":"spotify:track:4LYtNM9XhJ56sxKlnqVjqF"},{"href":"https:\/\/api.spotify.com\/v1\/tracks\/1ZtsTuaUy7QOJvBjtjEHXH","id":"1ZtsTuaUy7QOJvBjtjEHXH","type":"track","uri":"spotify:track:1ZtsTuaUy7QOJvBjtjEHXH"},{"href":"https:\/\/api.spotify.com\/v1\/tracks\/1PZ2RH6dUdhZzii2Az2S7s","id":"1PZ2RH6dUdhZzii2Az2S7s","type":"track","uri":"spotify:track:1PZ2RH6dUdhZzii2Az2S7s"},{"href":"https:\/\/api.spotify.com\/v1\/tracks\/0tfuWlmEWjQWBPYT7Cf4bX","id":"0tfuWlmEWjQWBPYT7Cf4bX","type":"track","uri":"spotify:track:0tfuWlmEWjQWBPYT7Cf4bX"},{"href":"https:\/\/api.spotify.com\/v1\/tracks\/2hxkhcVsRgwgTrCRVnV0I7","id":"2hxkhcVsRgwgTrCRVnV0I7","type":"track","uri":"spotify:track:2hxkhcVsRgwgTrCRVnV0I7"},{"href":"https:\/\/api.spotify.com\/v1\/tracks\/7blVeauN6UPeewCORqVdCD","id":"7blVeauN6UPeewCORqVdCD","type":"track","uri":"spotify:track:7blVeauN6UPeewCORqVdCD"},{"href":"https:\/\/api.spotify.com\/v1\/tracks\/1nas007nDbzLwDGwvMdz79","id":"1nas007nDbzLwDGwvMdz79","type":"track","uri":"spotify:track:1nas007nDbzLwDGwvMdz79"},{"href":"https:\/\/api.spotify.com\/v1\/tracks\/5Z3trOR982mBrJcPfrLUsq","id":"5Z3trOR982mBrJcPfrLUsq","type":"track","uri":"spotify:track:5Z3trOR982mBrJcPfrLUsq"},{"href":"https:\/\/api.spotify.com\/v1\/tracks\/7vZsD9RGkN1BuPgv1UO3Ws","id":"7vZsD9RGkN1BuPgv1UO3Ws","type":"track","uri":"spotify:track:7vZsD9RGkN1BuPgv1UO3Ws"},{"href":"https:\/\/api.spotify.com\/v1\/tracks\/67lruROcgkaIkopDBohfTe","id":"67lruROcgkaIkopDBohfTe","type":"track","uri":"spotify:track:67lruROcgkaIkopDBohfTe"},{"href":"https:\/\/api.spotify.com\/v1\/tracks\/4StwEwEwyiDfyAr3GGLP62","id":"4StwEwEwyiDfyAr3GGLP62","type":"track","uri":"spotify:track:4StwEwEwyiDfyAr3GGLP62"},{"href":"https:\/\/api.spotify.com\/v1\/tracks\/6g3jkHJoSxYMAvAsC6sY5K","id":"6g3jkHJoSxYMAvAsC6sY5K","type":"track","uri":"spotify:track:6g3jkHJoSxYMAvAsC6sY5K"},{"href":"https:\/\/api.spotify.com\/v1\/tracks\/3bL4FXul0sMBcjup7JEhlf","id":"3bL4FXul0sMBcjup7JEhlf","type":"track","uri":"spotify:track:3bL4FXul0sMBcjup7JEhlf"},{"href":"https:\/\/api.spotify.com\/v1\/tracks\/5UXOQv9YbmOE8e3Y9nchEO","id":"5UXOQv9YbmOE8e3Y9nchEO","type":"track","uri":"spotify:track:5UXOQv9YbmOE8e3Y9nchEO"},{"href":"https:\/\/api.spotify.com\/v1\/tracks\/4frLb7nWtsz2ymBE6k2GRP","id":"4frLb7nWtsz2ymBE6k2GRP","type":"track","uri":"spotify:track:4frLb7nWtsz2ymBE6k2GRP"},{"href":"https:\/\/api.spotify.com\/v1\/tracks\/1AXegrA4E1knD0BGIcE8sm","id":"1AXegrA4E1knD0BGIcE8sm","type":"track","uri":"spotify:track:1AXegrA4E1knD0BGIcE8sm"},{"href":"https:\/\/api.spotify.com\/v1\/tracks\/1CuzzAbJ4q28V5JOLCzQVp","id":"1CuzzAbJ4q28V5JOLCzQVp","type":"track","uri":"spotify:track:1CuzzAbJ4q28V5JOLCzQVp"},{"href":"https:\/\/api.spotify.com\/v1\/tracks\/01hAxLwlV3wFmAv48k24nf","id":"01hAxLwlV3wFmAv48k24nf","type":"track","uri":"spotify:track:01hAxLwlV3wFmAv48k24nf"},{"href":"https:\/\/api.spotify.com\/v1\/tracks\/28XVkwY5IaEmQ9gl48cFtc","id":"28XVkwY5IaEmQ9gl48cFtc","type":"track","uri":"spotify:track:28XVkwY5IaEmQ9gl48cFtc"},{"href":"https:\/\/api.spotify.com\/v1\/tracks\/4roaZCkw5Aoaw0S9gmTkXd","id":"4roaZCkw5Aoaw0S9gmTkXd","type":"track","uri":"spotify:track:4roaZCkw5Aoaw0S9gmTkXd"},{"href":"https:\/\/api.spotify.com\/v1\/tracks\/2Cd9iWfcOpGDHLz6tVA3G4","id":"2Cd9iWfcOpGDHLz6tVA3G4","type":"track","uri":"spotify:track:2Cd9iWfcOpGDHLz6tVA3G4"},{"href":"https:\/\/api.spotify.com\/v1\/tracks\/1BSMpVGWs3v5BZKnAQziAc","id":"1BSMpVGWs3v5BZKnAQziAc","type":"track","uri":"spotify:track:1BSMpVGWs3v5BZKnAQziAc"},{"href":"https:\/\/api.spotify.com\/v1\/tracks\/4LRPiXqCikLlN15c3yImP7","id":"4LRPiXqCikLlN15c3yImP7","type":"track","uri":"spotify:track:4LRPiXqCikLlN15c3yImP7"},{"href":"https:\/\/api.spotify.com\/v1\/tracks\/0n8ob8S72lvznoVfiwz4qL","id":"0n8ob8S72lvznoVfiwz4qL","type":"track","uri":"spotify:track:0n8ob8S72lvznoVfiwz4qL"},{"href":"https:\/\/api.spotify.com\/v1\/tracks\/18A7ha5BitZjmdHTCwXFbU","id":"18A7ha5BitZjmdHTCwXFbU","type":"track","uri":"spotify:track:18A7ha5BitZjmdHTCwXFbU"},{"href":"https:\/\/api.spotify.com\/v1\/tracks\/4SPLWgCPoKwULz2UTM8TKg","id":"4SPLWgCPoKwULz2UTM8TKg","type":"track","uri":"spotify:track:4SPLWgCPoKwULz2UTM8TKg"},{"href":"https:\/\/api.spotify.com\/v1\/tracks\/1PckUlxKqWQs3RlWXVBLw3","id":"1PckUlxKqWQs3RlWXVBLw3","type":"track","uri":"spotify:track:1PckUlxKqWQs3RlWXVBLw3"},{"href":"https:\/\/api.spotify.com\/v1\/tracks\/73ucpKq91TuejrLHgzDNHK","id":"73ucpKq91TuejrLHgzDNHK","type":"track","uri":"spotify:track:73ucpKq91TuejrLHgzDNHK"},{"href":"https:\/\/api.spotify.com\/v1\/tracks\/2dpaYNEQHiRxtZbfNsse99","id":"2dpaYNEQHiRxtZbfNsse99","type":"track","uri":"spotify:track:2dpaYNEQHiRxtZbfNsse99"},{"href":"https:\/\/api.spotify.com\/v1\/tracks\/2fl82FkyOdudRCn335butP","id":"2fl82FkyOdudRCn335butP","type":"track","uri":"spotify:track:2fl82FkyOdudRCn335butP"},{"href":"https:\/\/api.spotify.com\/v1\/tracks\/75vEuMA15pb8JmgrGugHEs","id":"75vEuMA15pb8JmgrGugHEs","type":"track","uri":"spotify:track:75vEuMA15pb8JmgrGugHEs"},{"href":"https:\/\/api.spotify.com\/v1\/tracks\/7zQNBNgOtmwD7eo8DGgc12","id":"7zQNBNgOtmwD7eo8DGgc12","type":"track","uri":"spotify:track:7zQNBNgOtmwD7eo8DGgc12"},{"href":"https:\/\/api.spotify.com\/v1\/tracks\/5JqZ3oqF00jkT81foAFvqg","id":"5JqZ3oqF00jkT81foAFvqg","type":"track","uri":"spotify:track:5JqZ3oqF00jkT81foAFvqg"},{"href":"https:\/\/api.spotify.com\/v1\/tracks\/0sf12qNH5qcw8qpgymFOqD","id":"0sf12qNH5qcw8qpgymFOqD","type":"track","uri":"spotify:track:0sf12qNH5qcw8qpgymFOqD"},{"href":"https:\/\/api.spotify.com\/v1\/tracks\/6PQ88X9TkUIAUIZJHW2upE","id":"6PQ88X9TkUIAUIZJHW2upE","type":"track","uri":"spotify:track:6PQ88X9TkUIAUIZJHW2upE"},{"href":"https:\/\/api.spotify.com\/v1\/tracks\/4iLqG9SeJSnt0cSPICSjxv","id":"4iLqG9SeJSnt0cSPICSjxv","type":"track","uri":"spotify:track:4iLqG9SeJSnt0cSPICSjxv"},{"href":"https:\/\/api.spotify.com\/v1\/tracks\/6nmz4imkDcmtwMjocAzFSx","id":"6nmz4imkDcmtwMjocAzFSx","type":"track","uri":"spotify:track:6nmz4imkDcmtwMjocAzFSx"},{"href":"https:\/\/api.spotify.com\/v1\/tracks\/3Df2uB1b5XDbJAiu2xOHvH","id":"3Df2uB1b5XDbJAiu2xOHvH","type":"track","uri":"spotify:track:3Df2uB1b5XDbJAiu2xOHvH"},{"href":"https:\/\/api.spotify.com\/v1\/tracks\/6DNtNfH8hXkqOX1sjqmI7p","id":"6DNtNfH8hXkqOX1sjqmI7p","type":"track","uri":"spotify:track:6DNtNfH8hXkqOX1sjqmI7p"},{"href":"https:\/\/api.spotify.com\/v1\/tracks\/1gLJyv9IKK32JoAYf7rLra","id":"1gLJyv9IKK32JoAYf7rLra","type":"track","uri":"spotify:track:1gLJyv9IKK32JoAYf7rLra"},{"href":"https:\/\/api.spotify.com\/v1\/tracks\/2PanYFtPOi2AZ6BXilEmSp","id":"2PanYFtPOi2AZ6BXilEmSp","type":"track","uri":"spotify:track:2PanYFtPOi2AZ6BXilEmSp"},{"href":"https:\/\/api.spotify.com\/v1\/tracks\/3t9xAGitVIYhTY1wyirR4m","id":"3t9xAGitVIYhTY1wyirR4m","type":"track","uri":"spotify:track:3t9xAGitVIYhTY1wyirR4m"},{"href":"https:\/\/api.spotify.com\/v1\/tracks\/42MDMaAXFd4tf7Odsz5WQp","id":"42MDMaAXFd4tf7Odsz5WQp","type":"track","uri":"spotify:track:42MDMaAXFd4tf7Odsz5WQp"},{"href":"https:\/\/api.spotify.com\/v1\/tracks\/7aP6GXrxvq0836pzL4kHK8","id":"7aP6GXrxvq0836pzL4kHK8","type":"track","uri":"spotify:track:7aP6GXrxvq0836pzL4kHK8"},{"href":"https:\/\/api.spotify.com\/v1\/tracks\/5V8QKyt40AbgQXIhGwhT5f","id":"5V8QKyt40AbgQXIhGwhT5f","type":"track","uri":"spotify:track:5V8QKyt40AbgQXIhGwhT5f"},{"href":"https:\/\/api.spotify.com\/v1\/tracks\/76OGwb5RA9h4FxQPT33ekc","id":"76OGwb5RA9h4FxQPT33ekc","type":"track","uri":"spotify:track:76OGwb5RA9h4FxQPT33ekc"},{"href":"https:\/\/api.spotify.com\/v1\/tracks\/5ACZOGjT6I5He0pDZED56Z","id":"5ACZOGjT6I5He0pDZED56Z","type":"track","uri":"spotify:track:5ACZOGjT6I5He0pDZED56Z"},{"href":"https:\/\/api.spotify.com\/v1\/tracks\/0fjUmA3EdEZBBVyKNhsct0","id":"0fjUmA3EdEZBBVyKNhsct0","type":"track","uri":"spotify:track:0fjUmA3EdEZBBVyKNhsct0"},{"href":"https:\/\/api.spotify.com\/v1\/tracks\/0yLdNVWF3Srea0uzk55zFn","id":"0yLdNVWF3Srea0uzk55zFn","type":"track","uri":"spotify:track:0yLdNVWF3Srea0uzk55zFn"},{"href":"https:\/\/api.spotify.com\/v1\/tracks\/2rGS4ipEZzldN0EpcfH3PK","id":"2rGS4ipEZzldN0EpcfH3PK","type":"track","uri":"spotify:track:2rGS4ipEZzldN0EpcfH3PK"},{"href":"https:\/\/api.spotify.com\/v1\/tracks\/1r9BhdlEPHYo2MjJZ9G0O9","id":"1r9BhdlEPHYo2MjJZ9G0O9","type":"track","uri":"spotify:track:1r9BhdlEPHYo2MjJZ9G0O9"},{"href":"https:\/\/api.spotify.com\/v1\/tracks\/6b9NzxGrLgueouFOAr5Jw3","id":"6b9NzxGrLgueouFOAr5Jw3","type":"track","uri":"spotify:track:6b9NzxGrLgueouFOAr5Jw3"},{"href":"https:\/\/api.spotify.com\/v1\/tracks\/1xUddpWyEuYl5T3mduKnOJ","id":"1xUddpWyEuYl5T3mduKnOJ","type":"track","uri":"spotify:track:1xUddpWyEuYl5T3mduKnOJ"},{"href":"https:\/\/api.spotify.com\/v1\/tracks\/0xQvrfyrolYl97XYPwzvgp","id":"0xQvrfyrolYl97XYPwzvgp","type":"track","uri":"spotify:track:0xQvrfyrolYl97XYPwzvgp"},{"href":"https:\/\/api.spotify.com\/v1\/tracks\/4OMJGnvZfDvsePyCwRGO7X","id":"4OMJGnvZfDvsePyCwRGO7X","type":"track","uri":"spotify:track:4OMJGnvZfDvsePyCwRGO7X"},{"href":"https:\/\/api.spotify.com\/v1\/tracks\/1KG3qY3jwBH0V7s8wteBEO","id":"1KG3qY3jwBH0V7s8wteBEO","type":"track","uri":"spotify:track:1KG3qY3jwBH0V7s8wteBEO"},{"href":"https:\/\/api.spotify.com\/v1\/tracks\/46OXeOikRrdTGLCYXxBUqs","id":"46OXeOikRrdTGLCYXxBUqs","type":"track","uri":"spotify:track:46OXeOikRrdTGLCYXxBUqs"},{"href":"https:\/\/api.spotify.com\/v1\/tracks\/1cSoA6DGd2BlSI41tgz1hk","id":"1cSoA6DGd2BlSI41tgz1hk","type":"track","uri":"spotify:track:1cSoA6DGd2BlSI41tgz1hk"},{"href":"https:\/\/api.spotify.com\/v1\/tracks\/3L9mc5zikDnPYzxiENcAIh","id":"3L9mc5zikDnPYzxiENcAIh","type":"track","uri":"spotify:track:3L9mc5zikDnPYzxiENcAIh"},{"href":"https:\/\/api.spotify.com\/v1\/tracks\/6j4TYBV6aum7UnJjY5JVMn","id":"6j4TYBV6aum7UnJjY5JVMn","type":"track","uri":"spotify:track:6j4TYBV6aum7UnJjY5JVMn"},{"href":"https:\/\/api.spotify.com\/v1\/tracks\/12PbJqzjXRR7Hlv3zUDoWV","id":"12PbJqzjXRR7Hlv3zUDoWV","type":"track","uri":"spotify:track:12PbJqzjXRR7Hlv3zUDoWV"},{"href":"https:\/\/api.spotify.com\/v1\/tracks\/1aEVfPZAfRApqO2QP5LaIr","id":"1aEVfPZAfRApqO2QP5LaIr","type":"track","uri":"spotify:track:1aEVfPZAfRApqO2QP5LaIr"},{"href":"https:\/\/api.spotify.com\/v1\/tracks\/2DQ3C2vFu16fRAZLnyaUDy","id":"2DQ3C2vFu16fRAZLnyaUDy","type":"track","uri":"spotify:track:2DQ3C2vFu16fRAZLnyaUDy"},{"href":"https:\/\/api.spotify.com\/v1\/tracks\/3ZmeuCxKmbQ1FX1nnYzwJm","id":"3ZmeuCxKmbQ1FX1nnYzwJm","type":"track","uri":"spotify:track:3ZmeuCxKmbQ1FX1nnYzwJm"},{"href":"https:\/\/api.spotify.com\/v1\/tracks\/16XWSzkDDT1jncmFl4kB8S","id":"16XWSzkDDT1jncmFl4kB8S","type":"track","uri":"spotify:track:16XWSzkDDT1jncmFl4kB8S"},{"href":"https:\/\/api.spotify.com\/v1\/tracks\/78KophL6G8n22ritJiC3He","id":"78KophL6G8n22ritJiC3He","type":"track","uri":"spotify:track:78KophL6G8n22ritJiC3He"},{"href":"https:\/\/api.spotify.com\/v1\/tracks\/5pY3ovFxbvAg7reGZjJQSp","id":"5pY3ovFxbvAg7reGZjJQSp","type":"track","uri":"spotify:track:5pY3ovFxbvAg7reGZjJQSp"},{"href":"https:\/\/api.spotify.com\/v1\/tracks\/5mo1T0Ygy0t0PWsrmGR6Mp","id":"5mo1T0Ygy0t0PWsrmGR6Mp","type":"track","uri":"spotify:track:5mo1T0Ygy0t0PWsrmGR6Mp"},{"href":"https:\/\/api.spotify.com\/v1\/tracks\/7MAibcTli4IisCtbHKrGMh","id":"7MAibcTli4IisCtbHKrGMh","type":"track","uri":"spotify:track:7MAibcTli4IisCtbHKrGMh"},{"href":"https:\/\/api.spotify.com\/v1\/tracks\/6CDzDgIUqeDY5g8ujExx2f","id":"6CDzDgIUqeDY5g8ujExx2f","type":"track","uri":"spotify:track:6CDzDgIUqeDY5g8ujExx2f"},{"href":"https:\/\/api.spotify.com\/v1\/tracks\/0vbbhcA6okLzvsy6WSTlLg","id":"0vbbhcA6okLzvsy6WSTlLg","type":"track","uri":"spotify:track:0vbbhcA6okLzvsy6WSTlLg"},{"href":"https:\/\/api.spotify.com\/v1\/tracks\/64GRDrL1efgXclrhVCeuA0","id":"64GRDrL1efgXclrhVCeuA0","type":"track","uri":"spotify:track:64GRDrL1efgXclrhVCeuA0"},{"href":"https:\/\/api.spotify.com\/v1\/tracks\/0h9tNxHX0D67b3KDQDdMH1","id":"0h9tNxHX0D67b3KDQDdMH1","type":"track","uri":"spotify:track:0h9tNxHX0D67b3KDQDdMH1"},{"href":"https:\/\/api.spotify.com\/v1\/tracks\/01Ho3efkRrIbYnWxISj05V","id":"01Ho3efkRrIbYnWxISj05V","type":"track","uri":"spotify:track:01Ho3efkRrIbYnWxISj05V"},{"href":"https:\/\/api.spotify.com\/v1\/tracks\/07LFoIoQpbYt3Iu6RAt7Lj","id":"07LFoIoQpbYt3Iu6RAt7Lj","type":"track","uri":"spotify:track:07LFoIoQpbYt3Iu6RAt7Lj"},{"href":"https:\/\/api.spotify.com\/v1\/tracks\/0judK8TqYfvwUohBngUxrE","id":"0judK8TqYfvwUohBngUxrE","type":"track","uri":"spotify:track:0judK8TqYfvwUohBngUxrE"},{"href":"https:\/\/api.spotify.com\/v1\/tracks\/1i5VGJwl7gFw0hQP4dVDgK","id":"1i5VGJwl7gFw0hQP4dVDgK","type":"track","uri":"spotify:track:1i5VGJwl7gFw0hQP4dVDgK"},{"href":"https:\/\/api.spotify.com\/v1\/tracks\/58eOTmtMDTcTxRPXbZAvcR","id":"58eOTmtMDTcTxRPXbZAvcR","type":"track","uri":"spotify:track:58eOTmtMDTcTxRPXbZAvcR"},{"href":"https:\/\/api.spotify.com\/v1\/tracks\/4qKcDkK6siZ7Jp1Jb4m0aL","id":"4qKcDkK6siZ7Jp1Jb4m0aL","type":"track","uri":"spotify:track:4qKcDkK6siZ7Jp1Jb4m0aL"},{"href":"https:\/\/api.spotify.com\/v1\/tracks\/5LOiuvbH62YGtnwe6Ltt4T","id":"5LOiuvbH62YGtnwe6Ltt4T","type":"track","uri":"spotify:track:5LOiuvbH62YGtnwe6Ltt4T"},{"href":"https:\/\/api.spotify.com\/v1\/tracks\/57tln4G33fhp8mrFbeM3IJ","id":"57tln4G33fhp8mrFbeM3IJ","type":"track","uri":"spotify:track:57tln4G33fhp8mrFbeM3IJ"},{"href":"https:\/\/api.spotify.com\/v1\/tracks\/0G2xUa52zy2Rqf3paeAzCi","id":"0G2xUa52zy2Rqf3paeAzCi","type":"track","uri":"spotify:track:0G2xUa52zy2Rqf3paeAzCi"},{"href":"https:\/\/api.spotify.com\/v1\/tracks\/7hxHWCCAIIxFLCzvDgnQHX","id":"7hxHWCCAIIxFLCzvDgnQHX","type":"track","uri":"spotify:track:7hxHWCCAIIxFLCzvDgnQHX"},{"href":"https:\/\/api.spotify.com\/v1\/tracks\/1R9RDWrPaZ2dsvUthEMIqN","id":"1R9RDWrPaZ2dsvUthEMIqN","type":"track","uri":"spotify:track:1R9RDWrPaZ2dsvUthEMIqN"},{"href":"https:\/\/api.spotify.com\/v1\/tracks\/1szcZMcUlPjCItP4xNIU3E","id":"1szcZMcUlPjCItP4xNIU3E","type":"track","uri":"spotify:track:1szcZMcUlPjCItP4xNIU3E"},{"href":"https:\/\/api.spotify.com\/v1\/tracks\/1q69aPos21EFr3xjg3HZdV","id":"1q69aPos21EFr3xjg3HZdV","type":"track","uri":"spotify:track:1q69aPos21EFr3xjg3HZdV"},{"href":"https:\/\/api.spotify.com\/v1\/tracks\/7B8t208n1GZDFJqnpPhOrj","id":"7B8t208n1GZDFJqnpPhOrj","type":"track","uri":"spotify:track:7B8t208n1GZDFJqnpPhOrj"},{"href":"https:\/\/api.spotify.com\/v1\/tracks\/4Dbn05LNVX5giGbgbz5fdQ","id":"4Dbn05LNVX5giGbgbz5fdQ","type":"track","uri":"spotify:track:4Dbn05LNVX5giGbgbz5fdQ"},{"href":"https:\/\/api.spotify.com\/v1\/tracks\/0kHEr6iF9m7mrkTjv9pbZ6","id":"0kHEr6iF9m7mrkTjv9pbZ6","type":"track","uri":"spotify:track:0kHEr6iF9m7mrkTjv9pbZ6"},{"href":"https:\/\/api.spotify.com\/v1\/tracks\/7hbwOSsbr73fZGdzt3rZwh","id":"7hbwOSsbr73fZGdzt3rZwh","type":"track","uri":"spotify:track:7hbwOSsbr73fZGdzt3rZwh"},{"href":"https:\/\/api.spotify.com\/v1\/tracks\/6eiztdXRkooWsBt2xToMWI","id":"6eiztdXRkooWsBt2xToMWI","type":"track","uri":"spotify:track:6eiztdXRkooWsBt2xToMWI"},{"href":"https:\/\/api.spotify.com\/v1\/tracks\/3si6pZOm5Uf1lKDt47V3zK","id":"3si6pZOm5Uf1lKDt47V3zK","type":"track","uri":"spotify:track:3si6pZOm5Uf1lKDt47V3zK"},{"href":"https:\/\/api.spotify.com\/v1\/tracks\/1cqCaNSIN8Mt8bipnLH95o","id":"1cqCaNSIN8Mt8bipnLH95o","type":"track","uri":"spotify:track:1cqCaNSIN8Mt8bipnLH95o"},{"href":"https:\/\/api.spotify.com\/v1\/tracks\/1OAYKfE0YdrN7C1yLWaLJo","id":"1OAYKfE0YdrN7C1yLWaLJo","type":"track","uri":"spotify:track:1OAYKfE0YdrN7C1yLWaLJo"},{"href":"https:\/\/api.spotify.com\/v1\/tracks\/6MWH4pJQ5QYjidX2A2KECd","id":"6MWH4pJQ5QYjidX2A2KECd","type":"track","uri":"spotify:track:6MWH4pJQ5QYjidX2A2KECd"},{"href":"https:\/\/api.spotify.com\/v1\/tracks\/7DyvSw2yWlEOcChHAbxGzU","id":"7DyvSw2yWlEOcChHAbxGzU","type":"track","uri":"spotify:track:7DyvSw2yWlEOcChHAbxGzU"},{"href":"https:\/\/api.spotify.com\/v1\/tracks\/5e90dsXJMBw9ndBRiKP1ZA","id":"5e90dsXJMBw9ndBRiKP1ZA","type":"track","uri":"spotify:track:5e90dsXJMBw9ndBRiKP1ZA"},{"href":"https:\/\/api.spotify.com\/v1\/tracks\/1yQ2jDB77soMtb7Z5FQkRb","id":"1yQ2jDB77soMtb7Z5FQkRb","type":"track","uri":"spotify:track:1yQ2jDB77soMtb7Z5FQkRb"},{"href":"https:\/\/api.spotify.com\/v1\/tracks\/30bqVoKjX479ab90a8Pafp","id":"30bqVoKjX479ab90a8Pafp","type":"track","uri":"spotify:track:30bqVoKjX479ab90a8Pafp"},{"href":"https:\/\/api.spotify.com\/v1\/tracks\/3prLqweRlHjmdsycz41cRh","id":"3prLqweRlHjmdsycz41cRh","type":"track","uri":"spotify:track:3prLqweRlHjmdsycz41cRh"},{"href":"https:\/\/api.spotify.com\/v1\/tracks\/6rGFODRwF1gzVTZgAqnq9o","id":"6rGFODRwF1gzVTZgAqnq9o","type":"track","uri":"spotify:track:6rGFODRwF1gzVTZgAqnq9o"},{"href":"https:\/\/api.spotify.com\/v1\/tracks\/2IePEfMAtqWS6rLXXFZIgI","id":"2IePEfMAtqWS6rLXXFZIgI","type":"track","uri":"spotify:track:2IePEfMAtqWS6rLXXFZIgI"},{"href":"https:\/\/api.spotify.com\/v1\/tracks\/1lNI5ekZzfEgvv2pFkiyOk","id":"1lNI5ekZzfEgvv2pFkiyOk","type":"track","uri":"spotify:track:1lNI5ekZzfEgvv2pFkiyOk"},{"href":"https:\/\/api.spotify.com\/v1\/tracks\/2aviXDjt6uZgYk6NkytZW9","id":"2aviXDjt6uZgYk6NkytZW9","type":"track","uri":"spotify:track:2aviXDjt6uZgYk6NkytZW9"},{"href":"https:\/\/api.spotify.com\/v1\/tracks\/26GuxYECSG8RPoLjL2UBFQ","id":"26GuxYECSG8RPoLjL2UBFQ","type":"track","uri":"spotify:track:26GuxYECSG8RPoLjL2UBFQ"},{"href":"https:\/\/api.spotify.com\/v1\/tracks\/0CFNKsFfYQ2NvhLK4pMNgv","id":"0CFNKsFfYQ2NvhLK4pMNgv","type":"track","uri":"spotify:track:0CFNKsFfYQ2NvhLK4pMNgv"},{"href":"https:\/\/api.spotify.com\/v1\/tracks\/6nDqFWB9MtQ9rTjmm3gDAD","id":"6nDqFWB9MtQ9rTjmm3gDAD","type":"track","uri":"spotify:track:6nDqFWB9MtQ9rTjmm3gDAD"},{"href":"https:\/\/api.spotify.com\/v1\/tracks\/12xqJzdDG4qz91CPLczXCr","id":"12xqJzdDG4qz91CPLczXCr","type":"track","uri":"spotify:track:12xqJzdDG4qz91CPLczXCr"},{"href":"https:\/\/api.spotify.com\/v1\/tracks\/3HdwyyxtTrauZxvuFjAPVb","id":"3HdwyyxtTrauZxvuFjAPVb","type":"track","uri":"spotify:track:3HdwyyxtTrauZxvuFjAPVb"},{"href":"https:\/\/api.spotify.com\/v1\/tracks\/5nPdMALTEd7HOjn16oNf2X","id":"5nPdMALTEd7HOjn16oNf2X","type":"track","uri":"spotify:track:5nPdMALTEd7HOjn16oNf2X"},{"href":"https:\/\/api.spotify.com\/v1\/tracks\/1tWE0jWoAAKucTfo3D06eD","id":"1tWE0jWoAAKucTfo3D06eD","type":"track","uri":"spotify:track:1tWE0jWoAAKucTfo3D06eD"},{"href":"https:\/\/api.spotify.com\/v1\/tracks\/7yldS1GOKvs0A9LOY07iCA","id":"7yldS1GOKvs0A9LOY07iCA","type":"track","uri":"spotify:track:7yldS1GOKvs0A9LOY07iCA"},{"href":"https:\/\/api.spotify.com\/v1\/tracks\/5Uz9pMcUDwerrcUq1FaHbk","id":"5Uz9pMcUDwerrcUq1FaHbk","type":"track","uri":"spotify:track:5Uz9pMcUDwerrcUq1FaHbk"},{"href":"https:\/\/api.spotify.com\/v1\/tracks\/5TQacSzO9izO1wom7cP2dM","id":"5TQacSzO9izO1wom7cP2dM","type":"track","uri":"spotify:track:5TQacSzO9izO1wom7cP2dM"},{"href":"https:\/\/api.spotify.com\/v1\/tracks\/67SxR3FNtf7ToCOLiNW0zU","id":"67SxR3FNtf7ToCOLiNW0zU","type":"track","uri":"spotify:track:67SxR3FNtf7ToCOLiNW0zU"},{"href":"https:\/\/api.spotify.com\/v1\/tracks\/3jOBL79jV8RAEBQMSBzBvV","id":"3jOBL79jV8RAEBQMSBzBvV","type":"track","uri":"spotify:track:3jOBL79jV8RAEBQMSBzBvV"},{"href":"https:\/\/api.spotify.com\/v1\/tracks\/7LJSxe7CxN9joZIXq6UeFo","id":"7LJSxe7CxN9joZIXq6UeFo","type":"track","uri":"spotify:track:7LJSxe7CxN9joZIXq6UeFo"},{"href":"https:\/\/api.spotify.com\/v1\/tracks\/4KiEfYyaKrbTGnmgQHYuHx","id":"4KiEfYyaKrbTGnmgQHYuHx","type":"track","uri":"spotify:track:4KiEfYyaKrbTGnmgQHYuHx"},{"href":"https:\/\/api.spotify.com\/v1\/tracks\/1rsevd2ImOkE8ScS3FQ9AE","id":"1rsevd2ImOkE8ScS3FQ9AE","type":"track","uri":"spotify:track:1rsevd2ImOkE8ScS3FQ9AE"},{"href":"https:\/\/api.spotify.com\/v1\/tracks\/7EmSPZ9f1AiLR9eVHNSI62","id":"7EmSPZ9f1AiLR9eVHNSI62","type":"track","uri":"spotify:track:7EmSPZ9f1AiLR9eVHNSI62"},{"href":"https:\/\/api.spotify.com\/v1\/tracks\/3qbEvcGhAxnBsyU8wNZLza","id":"3qbEvcGhAxnBsyU8wNZLza","type":"track","uri":"spotify:track:3qbEvcGhAxnBsyU8wNZLza"},{"href":"https:\/\/api.spotify.com\/v1\/tracks\/6EKrBVHDk20hwjYWGPQQlF","id":"6EKrBVHDk20hwjYWGPQQlF","type":"track","uri":"spotify:track:6EKrBVHDk20hwjYWGPQQlF"},{"href":"https:\/\/api.spotify.com\/v1\/tracks\/5khPNR7UR6AR5zF5kFlLzU","id":"5khPNR7UR6AR5zF5kFlLzU","type":"track","uri":"spotify:track:5khPNR7UR6AR5zF5kFlLzU"},{"href":"https:\/\/api.spotify.com\/v1\/tracks\/0HHIbFhmTXsIzz2VUmkH96","id":"0HHIbFhmTXsIzz2VUmkH96","type":"track","uri":"spotify:track:0HHIbFhmTXsIzz2VUmkH96"},{"href":"https:\/\/api.spotify.com\/v1\/tracks\/6xjNioXsWUYOduKYUrjuEX","id":"6xjNioXsWUYOduKYUrjuEX","type":"track","uri":"spotify:track:6xjNioXsWUYOduKYUrjuEX"},{"href":"https:\/\/api.spotify.com\/v1\/tracks\/5bAb1ABqmppouc014L0kUT","id":"5bAb1ABqmppouc014L0kUT","type":"track","uri":"spotify:track:5bAb1ABqmppouc014L0kUT"},{"href":"https:\/\/api.spotify.com\/v1\/tracks\/41KsSr2O54trpZa5YZj3LY","id":"41KsSr2O54trpZa5YZj3LY","type":"track","uri":"spotify:track:41KsSr2O54trpZa5YZj3LY"},{"href":"https:\/\/api.spotify.com\/v1\/tracks\/5huLfr4aetERV0wDw4VGbL","id":"5huLfr4aetERV0wDw4VGbL","type":"track","uri":"spotify:track:5huLfr4aetERV0wDw4VGbL"},{"href":"https:\/\/api.spotify.com\/v1\/tracks\/7v8jJkmvYI40Xkndum3Bi6","id":"7v8jJkmvYI40Xkndum3Bi6","type":"track","uri":"spotify:track:7v8jJkmvYI40Xkndum3Bi6"},{"href":"https:\/\/api.spotify.com\/v1\/tracks\/6rlWsuTTevk5Hlitu9Y4Yo","id":"6rlWsuTTevk5Hlitu9Y4Yo","type":"track","uri":"spotify:track:6rlWsuTTevk5Hlitu9Y4Yo"},{"href":"https:\/\/api.spotify.com\/v1\/tracks\/7EzESMyKPsFfTOYryGcwRq","id":"7EzESMyKPsFfTOYryGcwRq","type":"track","uri":"spotify:track:7EzESMyKPsFfTOYryGcwRq"},{"href":"https:\/\/api.spotify.com\/v1\/tracks\/1wfXOBmsluZ3LZTv4vThfJ","id":"1wfXOBmsluZ3LZTv4vThfJ","type":"track","uri":"spotify:track:1wfXOBmsluZ3LZTv4vThfJ"},{"href":"https:\/\/api.spotify.com\/v1\/tracks\/2tVA4Jrp73lxUYDnogfSBs","id":"2tVA4Jrp73lxUYDnogfSBs","type":"track","uri":"spotify:track:2tVA4Jrp73lxUYDnogfSBs"},{"href":"https:\/\/api.spotify.com\/v1\/tracks\/7qBcGm1FyjCoj4OdotJKk2","id":"7qBcGm1FyjCoj4OdotJKk2","type":"track","uri":"spotify:track:7qBcGm1FyjCoj4OdotJKk2"},{"href":"https:\/\/api.spotify.com\/v1\/tracks\/6RlsFZUCF3bU4NE7BjpDXr","id":"6RlsFZUCF3bU4NE7BjpDXr","type":"track","uri":"spotify:track:6RlsFZUCF3bU4NE7BjpDXr"},{"href":"https:\/\/api.spotify.com\/v1\/tracks\/2Xb3ABjlbfadVIKDpp2s9a","id":"2Xb3ABjlbfadVIKDpp2s9a","type":"track","uri":"spotify:track:2Xb3ABjlbfadVIKDpp2s9a"},{"href":"https:\/\/api.spotify.com\/v1\/tracks\/5Rk00Q3xaRTMBshmtzX0O1","id":"5Rk00Q3xaRTMBshmtzX0O1","type":"track","uri":"spotify:track:5Rk00Q3xaRTMBshmtzX0O1"},{"href":"https:\/\/api.spotify.com\/v1\/tracks\/3h3rNWNOacHhWxePLarJkF","id":"3h3rNWNOacHhWxePLarJkF","type":"track","uri":"spotify:track:3h3rNWNOacHhWxePLarJkF"},{"href":"https:\/\/api.spotify.com\/v1\/tracks\/44lAQJzaUI6hcpHEFqp2mJ","id":"44lAQJzaUI6hcpHEFqp2mJ","type":"track","uri":"spotify:track:44lAQJzaUI6hcpHEFqp2mJ"},{"href":"https:\/\/api.spotify.com\/v1\/tracks\/1nHywSuI8RZZ1pGmQTVWfm","id":"1nHywSuI8RZZ1pGmQTVWfm","type":"track","uri":"spotify:track:1nHywSuI8RZZ1pGmQTVWfm"},{"href":"https:\/\/api.spotify.com\/v1\/tracks\/5gQ0LTbcX7gpQDg39gNLH8","id":"5gQ0LTbcX7gpQDg39gNLH8","type":"track","uri":"spotify:track:5gQ0LTbcX7gpQDg39gNLH8"},{"href":"https:\/\/api.spotify.com\/v1\/tracks\/4r0gODFlBlIZ12NsNf38qf","id":"4r0gODFlBlIZ12NsNf38qf","type":"track","uri":"spotify:track:4r0gODFlBlIZ12NsNf38qf"},{"href":"https:\/\/api.spotify.com\/v1\/tracks\/3oe0CvRzmcku7MNQGseT8w","id":"3oe0CvRzmcku7MNQGseT8w","type":"track","uri":"spotify:track:3oe0CvRzmcku7MNQGseT8w"},{"href":"https:\/\/api.spotify.com\/v1\/tracks\/5UKckaMguE3B04VNcxI9DV","id":"5UKckaMguE3B04VNcxI9DV","type":"track","uri":"spotify:track:5UKckaMguE3B04VNcxI9DV"},{"href":"https:\/\/api.spotify.com\/v1\/tracks\/7MvlZKvb5PQYvLiwasZFOb","id":"7MvlZKvb5PQYvLiwasZFOb","type":"track","uri":"spotify:track:7MvlZKvb5PQYvLiwasZFOb"},{"href":"https:\/\/api.spotify.com\/v1\/tracks\/7E72MYhYxOhuULeSGKT8HL","id":"7E72MYhYxOhuULeSGKT8HL","type":"track","uri":"spotify:track:7E72MYhYxOhuULeSGKT8HL"},{"href":"https:\/\/api.spotify.com\/v1\/tracks\/0ksTI5Hqo5ALZEota4znuf","id":"0ksTI5Hqo5ALZEota4znuf","type":"track","uri":"spotify:track:0ksTI5Hqo5ALZEota4znuf"},{"href":"https:\/\/api.spotify.com\/v1\/tracks\/4uip0lLkMKl1nwchsdXs1r","id":"4uip0lLkMKl1nwchsdXs1r","type":"track","uri":"spotify:track:4uip0lLkMKl1nwchsdXs1r"},{"href":"https:\/\/api.spotify.com\/v1\/tracks\/6flM28ijUjfvxkDe8CXxkz","id":"6flM28ijUjfvxkDe8CXxkz","type":"track","uri":"spotify:track:6flM28ijUjfvxkDe8CXxkz"},{"href":"https:\/\/api.spotify.com\/v1\/tracks\/7GBWJIyxOj9RUT5eNUynNN","id":"7GBWJIyxOj9RUT5eNUynNN","type":"track","uri":"spotify:track:7GBWJIyxOj9RUT5eNUynNN"},{"href":"https:\/\/api.spotify.com\/v1\/tracks\/3G2Di8xCurnCb6DGfambCq","id":"3G2Di8xCurnCb6DGfambCq","type":"track","uri":"spotify:track:3G2Di8xCurnCb6DGfambCq"},{"href":"https:\/\/api.spotify.com\/v1\/tracks\/3T8FgtogHi3aGXt44B3WLN","id":"3T8FgtogHi3aGXt44B3WLN","type":"track","uri":"spotify:track:3T8FgtogHi3aGXt44B3WLN"},{"href":"https:\/\/api.spotify.com\/v1\/tracks\/7cvEsRzBfPYyy8H930ovPh","id":"7cvEsRzBfPYyy8H930ovPh","type":"track","uri":"spotify:track:7cvEsRzBfPYyy8H930ovPh"},{"href":"https:\/\/api.spotify.com\/v1\/tracks\/1ONc8bv3XHTtoQatkWjYV1","id":"1ONc8bv3XHTtoQatkWjYV1","type":"track","uri":"spotify:track:1ONc8bv3XHTtoQatkWjYV1"},{"href":"https:\/\/api.spotify.com\/v1\/tracks\/0sxiPCLM5zJJrhqgTtNmMz","id":"0sxiPCLM5zJJrhqgTtNmMz","type":"track","uri":"spotify:track:0sxiPCLM5zJJrhqgTtNmMz"},{"href":"https:\/\/api.spotify.com\/v1\/tracks\/1P5Z1wuraE6vHsr1oLlnQw","id":"1P5Z1wuraE6vHsr1oLlnQw","type":"track","uri":"spotify:track:1P5Z1wuraE6vHsr1oLlnQw"},{"href":"https:\/\/api.spotify.com\/v1\/tracks\/5El7wlhi7nJojiFGpUal5c","id":"5El7wlhi7nJojiFGpUal5c","type":"track","uri":"spotify:track:5El7wlhi7nJojiFGpUal5c"},{"href":"https:\/\/api.spotify.com\/v1\/tracks\/3MXfueQqoiF93unHCQZos2","id":"3MXfueQqoiF93unHCQZos2","type":"track","uri":"spotify:track:3MXfueQqoiF93unHCQZos2"},{"href":"https:\/\/api.spotify.com\/v1\/tracks\/23hiouxXWIy2ehF6baYCXp","id":"23hiouxXWIy2ehF6baYCXp","type":"track","uri":"spotify:track:23hiouxXWIy2ehF6baYCXp"},{"href":"https:\/\/api.spotify.com\/v1\/tracks\/0EWrfyPBUvkTK7UQdNoueF","id":"0EWrfyPBUvkTK7UQdNoueF","type":"track","uri":"spotify:track:0EWrfyPBUvkTK7UQdNoueF"},{"href":"https:\/\/api.spotify.com\/v1\/tracks\/2irQa6o5v9nHfuDfJ3EjIT","id":"2irQa6o5v9nHfuDfJ3EjIT","type":"track","uri":"spotify:track:2irQa6o5v9nHfuDfJ3EjIT"},{"href":"https:\/\/api.spotify.com\/v1\/tracks\/7FOomGddxLBUmogfeGXCTg","id":"7FOomGddxLBUmogfeGXCTg","type":"track","uri":"spotify:track:7FOomGddxLBUmogfeGXCTg"},{"href":"https:\/\/api.spotify.com\/v1\/tracks\/7Mv73tjXR0KmgRa7cA8695","id":"7Mv73tjXR0KmgRa7cA8695","type":"track","uri":"spotify:track:7Mv73tjXR0KmgRa7cA8695"},{"href":"https:\/\/api.spotify.com\/v1\/tracks\/5M8AeTyUjdPHV95JXcbRdi","id":"5M8AeTyUjdPHV95JXcbRdi","type":"track","uri":"spotify:track:5M8AeTyUjdPHV95JXcbRdi"},{"href":"https:\/\/api.spotify.com\/v1\/tracks\/6afnJOdBNiYoTbGP2fJJoS","id":"6afnJOdBNiYoTbGP2fJJoS","type":"track","uri":"spotify:track:6afnJOdBNiYoTbGP2fJJoS"},{"href":"https:\/\/api.spotify.com\/v1\/tracks\/5C1lzyy9LegrcA2jd93WYi","id":"5C1lzyy9LegrcA2jd93WYi","type":"track","uri":"spotify:track:5C1lzyy9LegrcA2jd93WYi"},{"href":"https:\/\/api.spotify.com\/v1\/tracks\/4uc1in0E5mXcfBmIsVWhXW","id":"4uc1in0E5mXcfBmIsVWhXW","type":"track","uri":"spotify:track:4uc1in0E5mXcfBmIsVWhXW"},{"href":"https:\/\/api.spotify.com\/v1\/tracks\/513QNSmBY7dkF2BMGmagRz","id":"513QNSmBY7dkF2BMGmagRz","type":"track","uri":"spotify:track:513QNSmBY7dkF2BMGmagRz"},{"href":"https:\/\/api.spotify.com\/v1\/tracks\/3RXdyPbYyWClA34vGYFito","id":"3RXdyPbYyWClA34vGYFito","type":"track","uri":"spotify:track:3RXdyPbYyWClA34vGYFito"},{"href":"https:\/\/api.spotify.com\/v1\/tracks\/7GUM1tDIKPDrJ7uBtkuYyE","id":"7GUM1tDIKPDrJ7uBtkuYyE","type":"track","uri":"spotify:track:7GUM1tDIKPDrJ7uBtkuYyE"},{"href":"https:\/\/api.spotify.com\/v1\/tracks\/3hozHnzTlMggCso0YHzgWh","id":"3hozHnzTlMggCso0YHzgWh","type":"track","uri":"spotify:track:3hozHnzTlMggCso0YHzgWh"},{"href":"https:\/\/api.spotify.com\/v1\/tracks\/26tWBbtjvgi0tipRL2VQ2X","id":"26tWBbtjvgi0tipRL2VQ2X","type":"track","uri":"spotify:track:26tWBbtjvgi0tipRL2VQ2X"},{"href":"https:\/\/api.spotify.com\/v1\/tracks\/3tJdxyjaYTbYvhA2tE9p8J","id":"3tJdxyjaYTbYvhA2tE9p8J","type":"track","uri":"spotify:track:3tJdxyjaYTbYvhA2tE9p8J"},{"href":"https:\/\/api.spotify.com\/v1\/tracks\/1gIko0dsz3MIfVny2wo4Mc","id":"1gIko0dsz3MIfVny2wo4Mc","type":"track","uri":"spotify:track:1gIko0dsz3MIfVny2wo4Mc"},{"href":"https:\/\/api.spotify.com\/v1\/tracks\/3qIEYnMJcqpjKNCioowsBa","id":"3qIEYnMJcqpjKNCioowsBa","type":"track","uri":"spotify:track:3qIEYnMJcqpjKNCioowsBa"},{"href":"https:\/\/api.spotify.com\/v1\/tracks\/5wbb1YQ3KkpK2fk8QbX4zk","id":"5wbb1YQ3KkpK2fk8QbX4zk","type":"track","uri":"spotify:track:5wbb1YQ3KkpK2fk8QbX4zk"},{"href":"https:\/\/api.spotify.com\/v1\/tracks\/22tpzCFUlE9UJkW4qBXD1V","id":"22tpzCFUlE9UJkW4qBXD1V","type":"track","uri":"spotify:track:22tpzCFUlE9UJkW4qBXD1V"},{"href":"https:\/\/api.spotify.com\/v1\/tracks\/2fWk525FzoJKsVD0kF1j9d","id":"2fWk525FzoJKsVD0kF1j9d","type":"track","uri":"spotify:track:2fWk525FzoJKsVD0kF1j9d"}]